-- phpMyAdmin SQL Dump
-- version 4.9.5deb2
-- https://www.phpmyadmin.net/
--
-- Host: localhost:3306
-- Generation Time: Nov 02, 2021 at 05:38 PM
-- Server version: 8.0.27-0ubuntu0.20.04.1
-- PHP Version: 7.4.3

SET SQL_MODE = "NO_AUTO_VALUE_ON_ZERO";
SET AUTOCOMMIT = 0;
START TRANSACTION;
SET time_zone = "+00:00";


/*!40101 SET @OLD_CHARACTER_SET_CLIENT=@@CHARACTER_SET_CLIENT */;
/*!40101 SET @OLD_CHARACTER_SET_RESULTS=@@CHARACTER_SET_RESULTS */;
/*!40101 SET @OLD_COLLATION_CONNECTION=@@COLLATION_CONNECTION */;
/*!40101 SET NAMES utf8mb4 */;

--
-- Database: `WarehouseMS`
--

-- --------------------------------------------------------

--
-- Table structure for table `academic_session`
--

CREATE TABLE `academic_session` (
  `id` int NOT NULL,
  `session_number` varchar(255) NOT NULL,
  `session_date_from` date NOT NULL,
  `session_date_to` date NOT NULL,
  `flag` int NOT NULL DEFAULT '1'
) ENGINE=InnoDB DEFAULT CHARSET=utf8mb4 COLLATE=utf8mb4_0900_ai_ci;

--
-- Dumping data for table `academic_session`
--

INSERT INTO `academic_session` (`id`, `session_number`, `session_date_from`, `session_date_to`, `flag`) VALUES
(1, '2019-2020', '2020-01-01', '2020-07-10', 1),
(2, '2020-2021', '2020-07-10', '2020-12-11', 1),
(6, '2021-2022', '2021-02-15', '2022-02-14', 1);

-- --------------------------------------------------------

--
-- Table structure for table `bin_info`
--

CREATE TABLE `bin_info` (
  `id` int NOT NULL,
  `wh_id` int NOT NULL DEFAULT '0',
  `rk_id` int DEFAULT NULL,
  `row_id` int DEFAULT NULL,
  `bin_name` varchar(50) DEFAULT NULL,
  `bin_code` varchar(50) DEFAULT NULL,
  `Width` float DEFAULT NULL,
  `Height` int DEFAULT NULL,
  `Depth` int DEFAULT NULL,
  `flag` int DEFAULT '0'
) ENGINE=InnoDB DEFAULT CHARSET=utf8mb4 COLLATE=utf8mb4_0900_ai_ci ROW_FORMAT=DYNAMIC;

--
-- Dumping data for table `bin_info`
--

INSERT INTO `bin_info` (`id`, `wh_id`, `rk_id`, `row_id`, `bin_name`, `bin_code`, `Width`, `Height`, `Depth`, `flag`) VALUES
(69, 1, 48, 107, 'B1', 'DTL-A1-R1-R1-B1', 1, 2, 4, 0),
(70, 1, 48, 107, 'B2', 'DTL-A1-R1-R1-B2', 1, 2, 4, 0),
(71, 1, 48, 107, 'B3', 'DTL-A1-R1-R1-B3', 1, 2, 4, 0),
(72, 1, 48, 107, 'B4', 'DTL-A1-R1-R1-B4', 1, 2, 4, 0),
(73, 1, 48, 107, 'B5', 'DTL-A1-R1-R1-B5', 1, 2, 4, 0),
(74, 1, 48, 108, 'B1', 'DTL-A1-R1-R2-B1', 0.5, 2, 4, 0),
(75, 1, 48, 108, 'B2', 'DTL-A1-R1-R2-B2', 1.5, 2, 4, 0),
(76, 1, 48, 108, 'B3', 'DTL-A1-R1-R2-B3', 3, 2, 4, 0),
(77, 2, 50, 113, 'B1', 'DTK-A-A1-R1-B1', 1, 2, 2, 0),
(78, 2, 50, 113, 'B2', 'DTK-A-A1-R1-B2', 2, 2, 2, 0),
(79, 2, 50, 113, 'B3', 'DTK-A-A1-R1-B3', 0.5, 2, 2, 0),
(80, 2, 50, 113, 'B4', 'DTK-A-A1-R1-B4', 0.5, 2, 2, 0),
(81, 1, 49, 111, 'B1', 'DTL-B1-R2-R1-B1', 1, 12, 2, 0),
(82, 1, 49, 111, 'B2', 'DTL-B1-R2-R1-B2', 1, 12, 2, 0),
(83, 1, 49, 112, 'B1', 'DTL-B1-R2-R2-B1', 1, 1, 2, 0),
(84, 1, 49, 112, 'B2', 'DTL-B1-R2-R2-B2', 1, 1, 2, 0),
(85, 1, 51, 115, 'B1', 'DTL-C1-R1-R1-B1', 1, 1, 2, 0),
(86, 1, 51, 115, 'B2', 'DTL-C1-R1-R1-B2', 1, 1, 2, 0),
(87, 1, 51, 116, 'B1', 'DTL-C1-R1-R2-B1', 1, 1, 2, 0),
(88, 1, 51, 116, 'B2', 'DTL-C1-R1-R2-B2', 1, 1, 2, 0),
(89, 1, 51, 117, 'B1', 'DTL-C1-R1-R3-B1', 1, 1, 2, 0),
(90, 1, 51, 117, 'B2', 'DTL-C1-R1-R3-B2', 1, 1, 2, 0),
(91, 1, 51, 118, 'B1', 'DTL-C1-R1-R4-B1', 2, 1, 2, 0);

-- --------------------------------------------------------

--
-- Table structure for table `categories`
--

CREATE TABLE `categories` (
  `id` bigint UNSIGNED NOT NULL,
  `category_barcode` varchar(255) COLLATE utf8mb4_unicode_ci NOT NULL,
  `category_name` varchar(255) COLLATE utf8mb4_unicode_ci NOT NULL,
  `category_type` varchar(255) COLLATE utf8mb4_unicode_ci NOT NULL,
  `created_at` timestamp NULL DEFAULT NULL,
  `updated_at` timestamp NULL DEFAULT NULL
) ENGINE=InnoDB DEFAULT CHARSET=utf8mb4 COLLATE=utf8mb4_unicode_ci;

--
-- Dumping data for table `categories`
--

INSERT INTO `categories` (`id`, `category_barcode`, `category_name`, `category_type`, `created_at`, `updated_at`) VALUES
(1, '547488467', 'Food', 'G', NULL, NULL),
(3, '21323232', 'Medicine', 'G', NULL, NULL),
(4, '21323232', 'Beverages', 'G', NULL, NULL),
(6, '82052467', 'Refrigerators', 'G', NULL, NULL);

-- --------------------------------------------------------

--
-- Table structure for table `clients`
--

CREATE TABLE `clients` (
  `sch_id` int NOT NULL,
  `sch_name` varchar(200) NOT NULL,
  `ntn_number` varchar(225) DEFAULT NULL,
  `sales_tax_number` varchar(255) DEFAULT NULL,
  `legal_type` tinyint DEFAULT NULL,
  `md_name` varchar(255) DEFAULT NULL,
  `business_email` varchar(255) DEFAULT NULL,
  `contact` varchar(255) DEFAULT NULL,
  `contact_name` varchar(255) DEFAULT NULL,
  `Department` varchar(255) DEFAULT NULL,
  `contact_designation` varchar(225) DEFAULT NULL,
  `contact_email` varchar(255) DEFAULT NULL,
  `cell_number` varchar(255) DEFAULT NULL,
  `designated_add_1` varchar(255) DEFAULT NULL,
  `designated_add_2` varchar(255) DEFAULT NULL,
  `designated_city` varchar(255) DEFAULT NULL,
  `corresponding_add_1` varchar(255) DEFAULT NULL,
  `corresponding_add_2` varchar(255) DEFAULT NULL,
  `corresponding_city` varchar(255) DEFAULT NULL,
  `other_info_about_client` varchar(255) DEFAULT NULL,
  `client_email` varchar(256) CHARACTER SET latin1 COLLATE latin1_swedish_ci DEFAULT NULL,
  `password` varchar(256) DEFAULT NULL,
  `product_in_charge` int DEFAULT NULL,
  `product_out_charge_flat` tinyint DEFAULT NULL,
  `product_out_flat_rate` int DEFAULT NULL,
  `product_out_vol` tinyint DEFAULT NULL,
  `product_out_vol_fl_rate` int DEFAULT NULL,
  `product_out_tiered_start_order` int DEFAULT NULL,
  `product_out_tiered_end_order` bigint DEFAULT NULL,
  `product_out_tiered_fee` bigint DEFAULT NULL,
  `storage_plan` bigint NOT NULL,
  `minimum_per_month` float DEFAULT NULL,
  `per_item_charge_day` bigint DEFAULT NULL,
  `per_item_charge_flat` int DEFAULT NULL,
  `flat_per_day` int DEFAULT NULL,
  `per_item_charge_month` bigint DEFAULT NULL,
  `per_item_charge_day_vol` bigint DEFAULT NULL,
  `per_item_charge_month_vol` bigint DEFAULT NULL,
  `flat_per_month` int DEFAULT NULL,
  `volume_cuft` float DEFAULT NULL,
  `volume_flat_rate` float DEFAULT NULL,
  `bulk_space` bigint DEFAULT NULL,
  `bulk_charge` bigint DEFAULT NULL,
  `fulfil_plan` varchar(200) CHARACTER SET latin1 COLLATE latin1_swedish_ci DEFAULT NULL,
  `fl_rate` varchar(200) CHARACTER SET latin1 COLLATE latin1_swedish_ci DEFAULT NULL,
  `payment_plan` varchar(200) CHARACTER SET latin1 COLLATE latin1_swedish_ci DEFAULT NULL,
  `sch_status` tinyint(1) NOT NULL DEFAULT '1',
  `sch_flag` tinyint(1) NOT NULL DEFAULT '1'
) ENGINE=InnoDB DEFAULT CHARSET=latin1;

--
-- Dumping data for table `clients`
--

INSERT INTO `clients` (`sch_id`, `sch_name`, `ntn_number`, `sales_tax_number`, `legal_type`, `md_name`, `business_email`, `contact`, `contact_name`, `Department`, `contact_designation`, `contact_email`, `cell_number`, `designated_add_1`, `designated_add_2`, `designated_city`, `corresponding_add_1`, `corresponding_add_2`, `corresponding_city`, `other_info_about_client`, `client_email`, `password`, `product_in_charge`, `product_out_charge_flat`, `product_out_flat_rate`, `product_out_vol`, `product_out_vol_fl_rate`, `product_out_tiered_start_order`, `product_out_tiered_end_order`, `product_out_tiered_fee`, `storage_plan`, `minimum_per_month`, `per_item_charge_day`, `per_item_charge_flat`, `flat_per_day`, `per_item_charge_month`, `per_item_charge_day_vol`, `per_item_charge_month_vol`, `flat_per_month`, `volume_cuft`, `volume_flat_rate`, `bulk_space`, `bulk_charge`, `fulfil_plan`, `fl_rate`, `payment_plan`, `sch_status`, `sch_flag`) VALUES
(83, 'usama', '23145345', '145677', 1, NULL, NULL, NULL, NULL, NULL, NULL, NULL, NULL, 'House 1207, Street 18-A, G-15/1', '', 'Lahore', NULL, NULL, NULL, NULL, 'hamaadkaleem0@outlook.com', '$2y$10$MKEI/SuqT1SKzIUiRWMElOAy/JXKrNuX1IZG77EVbQldKoByW2Wvi', 50, 55, 50, NULL, NULL, NULL, NULL, NULL, 1, 40000, 100, 111, 1111, 0, 0, NULL, 0, NULL, 0, 0, 0, '11', '50', '', 1, 1);

-- --------------------------------------------------------

--
-- Table structure for table `client_other_contact_details`
--

CREATE TABLE `client_other_contact_details` (
  `id` int NOT NULL,
  `client_id` int NOT NULL,
  `client_full_name` varchar(255) CHARACTER SET utf8mb4 COLLATE utf8mb4_0900_ai_ci NOT NULL,
  `client_contact_email` varchar(255) DEFAULT NULL,
  `client_designation` varchar(255) CHARACTER SET utf8mb4 COLLATE utf8mb4_0900_ai_ci NOT NULL,
  `client_dep` varchar(255) CHARACTER SET utf8mb4 COLLATE utf8mb4_0900_ai_ci NOT NULL,
  `client_cell` varchar(255) NOT NULL,
  `client_other_contact` varchar(255) NOT NULL,
  `client_add_1` varchar(255) NOT NULL,
  `client_add_2` varchar(255) CHARACTER SET utf8mb4 COLLATE utf8mb4_0900_ai_ci DEFAULT NULL,
  `client_city` varchar(255) NOT NULL,
  `other_info_about_client` varchar(255) CHARACTER SET utf8mb4 COLLATE utf8mb4_0900_ai_ci DEFAULT NULL
) ENGINE=InnoDB DEFAULT CHARSET=utf8mb4 COLLATE=utf8mb4_0900_ai_ci;

--
-- Dumping data for table `client_other_contact_details`
--

INSERT INTO `client_other_contact_details` (`id`, `client_id`, `client_full_name`, `client_contact_email`, `client_designation`, `client_dep`, `client_cell`, `client_other_contact`, `client_add_1`, `client_add_2`, `client_city`, `other_info_about_client`) VALUES
(41, 83, 'hamaad kaleem', 'hamaadkaleem89@gmail.com', 'gsdg', 'sales', '+92308902375', '+93895785896', 'House 1207, Street 18-A, G-15/1', 'g', 'Lahore', 'this client is our special customer');

-- --------------------------------------------------------

--
-- Table structure for table `client_stock_in_billing`
--

CREATE TABLE `client_stock_in_billing` (
  `id` int NOT NULL,
  `product_code` varchar(255) DEFAULT NULL,
  `client_id` int DEFAULT NULL,
  `product_barcode` varchar(255) CHARACTER SET utf8mb4 COLLATE utf8mb4_0900_ai_ci DEFAULT NULL,
  `product_name` varchar(255) DEFAULT NULL,
  `grn_code` varchar(255) DEFAULT NULL,
  `rack_code` varchar(255) DEFAULT NULL,
  `space_occupied` float DEFAULT NULL,
  `quantity` bigint DEFAULT NULL,
  `product_in_charge` int DEFAULT NULL,
  `storage_charge` int DEFAULT NULL,
  `total_bill` float DEFAULT NULL,
  `status` varchar(255) DEFAULT NULL,
  `created_at` timestamp NOT NULL,
  `updated_at` timestamp NOT NULL
) ENGINE=InnoDB DEFAULT CHARSET=utf8mb4 COLLATE=utf8mb4_0900_ai_ci;

--
-- Dumping data for table `client_stock_in_billing`
--

INSERT INTO `client_stock_in_billing` (`id`, `product_code`, `client_id`, `product_barcode`, `product_name`, `grn_code`, `rack_code`, `space_occupied`, `quantity`, `product_in_charge`, `storage_charge`, `total_bill`, `status`, `created_at`, `updated_at`) VALUES
(1, '232536587698', 16, '232536587698', NULL, NULL, 'DTL-D6-R6', 0.245, 13, 100, 1000, 50000, 'Placed in holding area', '2021-10-25 12:55:32', '2021-10-25 12:55:32'),
(2, '232536587698', 16, '232536587698', 'Cake', NULL, 'DTL-D6-R6', 0.245, 13, 100, 1000, 50000, 'Placed in holding area', '2021-10-26 08:02:05', '2021-10-26 08:02:05');

-- --------------------------------------------------------

--
-- Table structure for table `client_stock_out_rates`
--

CREATE TABLE `client_stock_out_rates` (
  `id` bigint NOT NULL,
  `client_id` int DEFAULT NULL,
  `start_order` int DEFAULT NULL,
  `end_order` int DEFAULT NULL,
  `fee` bigint DEFAULT NULL
) ENGINE=InnoDB DEFAULT CHARSET=utf8mb4 COLLATE=utf8mb4_0900_ai_ci;

--
-- Dumping data for table `client_stock_out_rates`
--

INSERT INTO `client_stock_out_rates` (`id`, `client_id`, `start_order`, `end_order`, `fee`) VALUES
(1, 72, 0, 1, 10),
(2, 73, 0, 1, 10),
(3, 74, 0, 1, 10),
(4, 75, 0, 1, 10),
(5, 76, 0, 1, 10),
(6, 77, 0, 1, 10),
(7, 78, 0, 0, 0),
(8, 79, 0, 0, 0),
(9, 80, 0, 0, 0),
(10, 81, 0, 0, 0),
(11, 82, 0, 0, 0),
(12, 83, 0, 0, 0);

-- --------------------------------------------------------

--
-- Table structure for table `client_stock_requests`
--

CREATE TABLE `client_stock_requests` (
  `id` bigint UNSIGNED NOT NULL,
  `client_id` int DEFAULT NULL,
  `product_name` varchar(255) COLLATE utf8mb4_unicode_ci NOT NULL,
  `product_description` varchar(255) COLLATE utf8mb4_unicode_ci NOT NULL,
  `category_id` bigint UNSIGNED DEFAULT NULL,
  `SKU_ID` bigint NOT NULL,
  `SKU_BARCODE` bigint NOT NULL,
  `product_reorder_level` bigint NOT NULL,
  `product_retail_price` bigint NOT NULL,
  `product_length` float NOT NULL,
  `product_width` float NOT NULL,
  `product_height` float NOT NULL,
  `weight` float NOT NULL,
  `product_picture` varchar(255) CHARACTER SET utf8mb4 COLLATE utf8mb4_unicode_ci DEFAULT NULL,
  `status` tinyint NOT NULL DEFAULT '0',
  `created_at` timestamp NULL DEFAULT NULL,
  `updated_at` timestamp NULL DEFAULT NULL
) ENGINE=InnoDB DEFAULT CHARSET=utf8mb4 COLLATE=utf8mb4_unicode_ci;

--
-- Dumping data for table `client_stock_requests`
--

INSERT INTO `client_stock_requests` (`id`, `client_id`, `product_name`, `product_description`, `category_id`, `SKU_ID`, `SKU_BARCODE`, `product_reorder_level`, `product_retail_price`, `product_length`, `product_width`, `product_height`, `weight`, `product_picture`, `status`, `created_at`, `updated_at`) VALUES
(1, NULL, 'Coke', 'sad', 1, 1234, 2234, 213, 2345, 0, 0, 0, 0, 'C:\\fakepath\\Capture.PNG', 0, '2021-10-17 15:16:06', '2021-10-17 15:16:06'),
(2, NULL, 'Coke', 'sad', 1, 1234, 2234, 213, 2345, 0, 0, 0, 0, 'C:\\fakepath\\Capture.PNG', 0, '2021-10-17 15:17:14', '2021-10-17 15:17:14'),
(3, NULL, 'Coke', 'sad', 1, 1234, 2234, 213, 2345, 0, 0, 0, 0, 'C:\\fakepath\\Capture.PNG', 0, '2021-10-17 15:21:53', '2021-10-17 15:21:53'),
(4, NULL, 'as', 'asd', 1, 2, 21, 124, 2345, 0, 0, 0, 0, 'Capture.PNG', 0, '2021-10-17 15:22:13', '2021-10-17 15:22:13'),
(5, NULL, 'Coke', 'wre', 3, 124, 32456, 322567, 6789, 0, 0, 0, 0, 'Capture.PNG', 0, '2021-10-17 16:18:22', '2021-10-17 16:18:22'),
(6, NULL, 'Coke', '2145', 4, 43564, 235465, 1345, 3245, 0, 0, 0, 0, 'C:\\xampp\\tmp\\php11B1.tmp', 0, '2021-10-17 16:34:54', '2021-10-17 16:34:54'),
(7, NULL, 'Coke', '2145', 4, 43564, 235465, 1345, 3245, 0, 0, 0, 0, 'C:\\xampp\\tmp\\php491F.tmp', 0, '2021-10-17 16:38:25', '2021-10-17 16:38:25'),
(49, NULL, 'Coke', 'sad', 1, 1234, 2234, 213, 2345, 0, 0, 0, 0, 'C:\\fakepath\\Capture.PNG', 0, '2021-10-27 01:58:51', '2021-10-27 01:58:51'),
(50, NULL, 'Coke', 'sad', 1, 1234, 2234, 213, 2345, 0, 0, 0, 0, 'C:\\fakepath\\Capture.PNG', 0, '2021-10-27 01:58:51', '2021-10-27 01:58:51'),
(51, NULL, 'Coke', 'sad', 1, 1234, 2234, 213, 2345, 0, 0, 0, 0, 'C:\\fakepath\\Capture.PNG', 0, '2021-10-27 01:58:51', '2021-10-27 01:58:51'),
(52, NULL, 'as', 'asd', 1, 2, 21, 124, 2345, 0, 0, 0, 0, 'Capture.PNG', 0, '2021-10-27 01:58:51', '2021-10-27 01:58:51'),
(53, NULL, 'Coke', 'wre', 3, 124, 32456, 322567, 6789, 0, 0, 0, 0, 'Capture.PNG', 0, '2021-10-27 01:58:51', '2021-10-27 01:58:51'),
(54, NULL, 'Coke', '2145', 4, 43564, 235465, 1345, 3245, 0, 0, 0, 0, 'C:\\xampp\\tmp\\php11B1.tmp', 0, '2021-10-27 01:58:51', '2021-10-27 01:58:51'),
(55, NULL, 'Coke', '2145', 4, 43564, 235465, 1345, 3245, 0, 0, 0, 0, 'C:\\xampp\\tmp\\php491F.tmp', 0, '2021-10-27 01:58:51', '2021-10-27 01:58:51'),
(56, NULL, 'LU Biscuits', 'safgghj', 1, 23546, 2356768790, 56, 2142, 12, 12, 12, 5, 'C:\\xampp\\tmp\\php1D5F.tmp', 0, '2021-10-27 07:14:32', '2021-10-27 07:14:32'),
(57, NULL, 'LU Biscuits', 'safgghj', 1, 23546, 2356768790, 56, 2142, 12, 12, 12, 5, '1560284239-category.jpg', 0, '2021-10-27 07:16:10', '2021-10-27 07:16:10'),
(58, NULL, 'Coke', 'asf', 3, 3453, 3256, 434245, 23424, 34, 243, 243, 3646, '1449236527-coke-zero500ml-400x600.png', 0, '2021-10-28 04:26:36', '2021-10-28 04:26:36');

-- --------------------------------------------------------

--
-- Table structure for table `failed_jobs`
--

CREATE TABLE `failed_jobs` (
  `id` bigint UNSIGNED NOT NULL,
  `uuid` varchar(255) COLLATE utf8mb4_unicode_ci NOT NULL,
  `connection` text COLLATE utf8mb4_unicode_ci NOT NULL,
  `queue` text COLLATE utf8mb4_unicode_ci NOT NULL,
  `payload` longtext COLLATE utf8mb4_unicode_ci NOT NULL,
  `exception` longtext COLLATE utf8mb4_unicode_ci NOT NULL,
  `failed_at` timestamp NOT NULL DEFAULT CURRENT_TIMESTAMP
) ENGINE=InnoDB DEFAULT CHARSET=utf8mb4 COLLATE=utf8mb4_unicode_ci;

-- --------------------------------------------------------

--
-- Table structure for table `grn`
--

CREATE TABLE `grn` (
  `grn_id` int NOT NULL,
  `client_id` int NOT NULL,
  `vend_id` int NOT NULL,
  `grn_created_id` int DEFAULT NULL,
  `do` varchar(50) DEFAULT NULL,
  `po` varchar(50) DEFAULT NULL,
  `date_time` timestamp NULL DEFAULT NULL,
  `todate` date DEFAULT NULL,
  `fromdate` date DEFAULT NULL,
  `grn_status` tinyint(1) NOT NULL DEFAULT '1',
  `grn_flag` tinyint(1) NOT NULL DEFAULT '1',
  `session_id` tinyint DEFAULT NULL
) ENGINE=InnoDB DEFAULT CHARSET=latin1 ROW_FORMAT=DYNAMIC;

--
-- Dumping data for table `grn`
--

INSERT INTO `grn` (`grn_id`, `client_id`, `vend_id`, `grn_created_id`, `do`, `po`, `date_time`, `todate`, `fromdate`, `grn_status`, `grn_flag`, `session_id`) VALUES
(1, 1, 2, 1, '7', '8', '2021-07-14 10:52:53', '2021-07-14', NULL, 1, 1, 1),
(2, 1, 1, 1, '3415', '1212443', '2021-09-30 06:29:58', '2021-09-30', NULL, 1, 1, 1),
(3, 1, 1, 1, '6433', '1212443', '2021-09-30 06:30:35', '2021-09-30', NULL, 1, 0, 1),
(4, 1, 1, 1, '1234', '5678', '2021-09-30 06:31:25', '2021-09-30', NULL, 1, 1, 1),
(7, 1, 1, 1, '1234', '4567', '2021-10-12 12:06:42', '2021-10-12', NULL, 1, 1, 1),
(8, 1, 1, 1, '23425', '1212443', '2021-10-13 08:45:30', '2021-10-13', NULL, 1, 1, 1),
(9, 1, 1, 1, '786575', '564536', '2021-10-25 12:00:27', '2021-10-26', NULL, 1, 1, 1),
(10, 16, 1, 1, '4667757', '65767474', '2021-10-25 12:36:23', '2021-10-27', NULL, 1, 1, 1),
(11, 16, 1, 1, '786575', '232532', '2021-10-25 12:49:30', '2021-10-28', NULL, 1, 1, 1),
(13, 16, 1, 1, '23425', '23414', '2021-10-26 07:00:49', '2021-10-27', NULL, 1, 1, 6);

-- --------------------------------------------------------

--
-- Table structure for table `grn_details`
--

CREATE TABLE `grn_details` (
  `grnd_id` int NOT NULL,
  `grn_id` int NOT NULL,
  `grnd_code` varchar(50) DEFAULT NULL,
  `quantity` varchar(50) DEFAULT NULL,
  `total_qty` varchar(50) DEFAULT NULL,
  `rem_stack_fit` varchar(255) DEFAULT NULL,
  `grnd_status` tinyint(1) NOT NULL DEFAULT '1',
  `grnd_flag` tinyint(1) NOT NULL DEFAULT '1'
) ENGINE=InnoDB DEFAULT CHARSET=latin1 ROW_FORMAT=DYNAMIC;

--
-- Dumping data for table `grn_details`
--

INSERT INTO `grn_details` (`grnd_id`, `grn_id`, `grnd_code`, `quantity`, `total_qty`, `rem_stack_fit`, `grnd_status`, `grnd_flag`) VALUES
(2, 1, '56321235235', '79', '79', '0', 1, 1),
(3, 2, '5656689', '22', '22', '0', 1, 1),
(4, 3, '1231523625', '12', '12', '12', 1, 1),
(5, 4, '876455', '12', '12', '0', 1, 1),
(8, 7, '56321235235', '13', '13', '0', 1, 1),
(9, 8, '56321235235', '13', '13', '0', 1, 1),
(10, 9, '23266652323', '14', '14', '0', 1, 1),
(11, 10, '232536587698', '13', '13', '0', 1, 1),
(12, 11, '232536587698', '13', '13', '0', 1, 1),
(14, 13, '56321235235', '13', '13', '0', 1, 1);

-- --------------------------------------------------------

--
-- Table structure for table `item`
--

CREATE TABLE `item` (
  `item_id` int NOT NULL,
  `item_name` varchar(50) NOT NULL,
  `item_code` varchar(50) NOT NULL,
  `item_type` varchar(15) DEFAULT NULL,
  `item_status` tinyint(1) NOT NULL DEFAULT '1',
  `item_flag` tinyint(1) NOT NULL DEFAULT '1'
) ENGINE=InnoDB DEFAULT CHARSET=latin1;

--
-- Dumping data for table `item`
--

INSERT INTO `item` (`item_id`, `item_name`, `item_code`, `item_type`, `item_status`, `item_flag`) VALUES
(1, 'Medicine', '001', 'G', 1, 1),
(2, 'Juice', '002', 'G', 1, 1),
(3, 'Cold Drinks', '003', 'G', 1, 1),
(4, 'Pepsi', '004', 'G', 1, 1),
(5, 'Pharmacutical', '005', 'G', 1, 1);

-- --------------------------------------------------------

--
-- Table structure for table `item_stock`
--

CREATE TABLE `item_stock` (
  `its_id` int NOT NULL,
  `grnd_id` int NOT NULL,
  `product_id` int NOT NULL,
  `rk_code` varchar(255) NOT NULL,
  `quantity` int DEFAULT NULL,
  `space_occupied` varchar(255) NOT NULL,
  `flag` varchar(20) NOT NULL DEFAULT 'In',
  `its_status` tinyint(1) NOT NULL DEFAULT '1',
  `its_flag` tinyint(1) NOT NULL DEFAULT '1',
  `date_time` timestamp NULL DEFAULT NULL
) ENGINE=InnoDB DEFAULT CHARSET=latin1;

--
-- Dumping data for table `item_stock`
--

INSERT INTO `item_stock` (`its_id`, `grnd_id`, `product_id`, `rk_code`, `quantity`, `space_occupied`, `flag`, `its_status`, `its_flag`, `date_time`) VALUES
(1, 1, 2147483647, 'DTL-A1-R1-R1-B1', 40, '20', 'In', 1, 1, '2021-07-14 10:54:02'),
(2, 2, 2147483647, 'DTL-A1-R1-R1-B2', 79, '20', 'In', 1, 1, '2021-07-14 10:54:24'),
(3, 3, 5656689, 'DTL-B1-R1', 22, '', 'In', 1, 1, '2021-09-30 06:28:28'),
(4, 5, 876455, 'DTL-A1-R1', 12, '', 'In', 1, 1, '2021-09-30 06:31:51'),
(5, 8, 2147483647, 'DTL-A1-R1-R1-B1', 13, '', 'In', 1, 1, '2021-10-12 21:12:38'),
(6, 9, 2147483647, 'DTL-A1-R1', 13, '', 'In', 1, 1, '2021-10-13 08:54:35'),
(7, 9, 2147483647, 'DTL-A1-R1', 13, '0.1', 'In', 1, 1, '2021-10-13 09:21:03'),
(8, 10, 2147483647, 'DTL-D6-R6', 14, '0.06', 'In', 1, 1, '2021-10-25 12:06:22'),
(9, 10, 2147483647, 'DTL-D6-R6', 14, '0.06', 'In', 1, 1, '2021-10-25 12:07:46'),
(10, 10, 2147483647, 'DTL-D6-R6', 14, '0.06', 'In', 1, 1, '2021-10-25 12:08:09'),
(11, 10, 2147483647, 'DTL-D6-R6', 14, '0.06', 'In', 1, 1, '2021-10-25 12:13:47'),
(12, 10, 2147483647, 'DTL-D6-R6', 14, '0.06', 'In', 1, 1, '2021-10-25 12:14:49'),
(13, 10, 2147483647, 'DTL-D6-R6', 14, '0.06', 'In', 1, 1, '2021-10-25 12:15:18'),
(14, 10, 2147483647, 'DTL-D6-R6', 14, '0.06', 'In', 1, 1, '2021-10-25 12:16:35'),
(15, 10, 2147483647, 'DTL-D6-R6', 14, '0.06', 'In', 1, 1, '2021-10-25 12:17:12'),
(16, 10, 2147483647, 'DTL-D6-R6', 14, '0.06', 'In', 1, 1, '2021-10-25 12:17:37'),
(17, 10, 2147483647, 'DTL-D6-R6', 14, '0.06', 'In', 1, 1, '2021-10-25 12:17:41'),
(18, 10, 2147483647, 'DTL-D6-R6', 14, '0.06', 'In', 1, 1, '2021-10-25 12:17:44'),
(19, 10, 2147483647, 'DTL-D6-R6', 14, '0.06', 'In', 1, 1, '2021-10-25 12:18:00'),
(20, 10, 2147483647, 'DTL-D6-R6', 14, '0.06', 'In', 1, 1, '2021-10-25 12:21:26'),
(21, 10, 2147483647, 'DTL-D6-R6', 14, '0.06', 'In', 1, 1, '2021-10-25 12:21:39'),
(22, 10, 2147483647, 'DTL-D6-R6', 14, '0.06', 'In', 1, 1, '2021-10-25 12:22:50'),
(23, 10, 2147483647, 'DTL-D6-R6', 14, '0.06', 'In', 1, 1, '2021-10-25 12:25:07'),
(24, 12, 2147483647, 'DTL-D6-R6', 13, '0.245', 'In', 1, 1, '2021-10-25 12:52:39'),
(25, 12, 2147483647, 'DTL-D6-R6', 13, '0.245', 'In', 1, 1, '2021-10-25 12:52:54'),
(26, 12, 2147483647, 'DTL-D6-R6', 13, '0.245', 'In', 1, 1, '2021-10-25 12:54:09'),
(27, 12, 2147483647, 'DTL-D6-R6', 13, '0.245', 'In', 1, 1, '2021-10-25 12:55:32'),
(36, 15, 2147483647, 'DTL-D6-R6', 13, '0.245', 'In', 1, 1, '2021-10-26 08:02:05');

-- --------------------------------------------------------

--
-- Table structure for table `legal_types`
--

CREATE TABLE `legal_types` (
  `id` int NOT NULL,
  `legal_type_name` varchar(255) DEFAULT NULL
) ENGINE=InnoDB DEFAULT CHARSET=utf8mb4 COLLATE=utf8mb4_0900_ai_ci;

--
-- Dumping data for table `legal_types`
--

INSERT INTO `legal_types` (`id`, `legal_type_name`) VALUES
(1, 'AOP'),
(2, 'Pvt'),
(3, 'Public Listed Co');

-- --------------------------------------------------------

--
-- Table structure for table `main_stock_total`
--

CREATE TABLE `main_stock_total` (
  `id` int NOT NULL,
  `sch_id` int NOT NULL,
  `cset_code` varchar(30) NOT NULL,
  `quantity` int DEFAULT NULL,
  `total_quantity` int DEFAULT NULL
) ENGINE=InnoDB DEFAULT CHARSET=latin1 ROW_FORMAT=DYNAMIC;

--
-- Dumping data for table `main_stock_total`
--

INSERT INTO `main_stock_total` (`id`, `sch_id`, `cset_code`, `quantity`, `total_quantity`) VALUES
(1, 1, '76786223456', 50, 50),
(2, 1, '56321235235', 183, 183),
(3, 1, '5656689', 21, 21),
(4, 1, '876455', 12, 12),
(5, 3, '56321235235', 13, 13),
(7, 0, '56321235235', 13, 13),
(8, 0, '23266652323', 196, 196),
(9, 16, '232536587698', 26, 26);

-- --------------------------------------------------------

--
-- Table structure for table `migrations`
--

CREATE TABLE `migrations` (
  `id` int UNSIGNED NOT NULL,
  `migration` varchar(255) COLLATE utf8mb4_unicode_ci NOT NULL,
  `batch` int NOT NULL
) ENGINE=InnoDB DEFAULT CHARSET=utf8mb4 COLLATE=utf8mb4_unicode_ci;

--
-- Dumping data for table `migrations`
--

INSERT INTO `migrations` (`id`, `migration`, `batch`) VALUES
(5, '2021_10_06_061852_create_categories_table', 2),
(24, '2014_10_12_000000_create_users_table', 3),
(25, '2014_10_12_100000_create_password_resets_table', 3),
(26, '2019_08_19_000000_create_failed_jobs_table', 3),
(27, '2019_12_14_000001_create_personal_access_tokens_table', 3),
(28, '2021_10_06_062535_create_categories_table', 3),
(29, '2021_10_07_070127_add_column_to_product_item_table', 3),
(30, '2021_10_17_185643_create_client_stock_requests_table', 4);

-- --------------------------------------------------------

--
-- Table structure for table `password_resets`
--

CREATE TABLE `password_resets` (
  `email` varchar(255) COLLATE utf8mb4_unicode_ci NOT NULL,
  `token` varchar(255) COLLATE utf8mb4_unicode_ci NOT NULL,
  `created_at` timestamp NULL DEFAULT NULL
) ENGINE=InnoDB DEFAULT CHARSET=utf8mb4 COLLATE=utf8mb4_unicode_ci;

-- --------------------------------------------------------

--
-- Table structure for table `personal_access_tokens`
--

CREATE TABLE `personal_access_tokens` (
  `id` bigint UNSIGNED NOT NULL,
  `tokenable_type` varchar(255) COLLATE utf8mb4_unicode_ci NOT NULL,
  `tokenable_id` bigint UNSIGNED NOT NULL,
  `name` varchar(255) COLLATE utf8mb4_unicode_ci NOT NULL,
  `token` varchar(64) COLLATE utf8mb4_unicode_ci NOT NULL,
  `abilities` text COLLATE utf8mb4_unicode_ci,
  `last_used_at` timestamp NULL DEFAULT NULL,
  `created_at` timestamp NULL DEFAULT NULL,
  `updated_at` timestamp NULL DEFAULT NULL
) ENGINE=InnoDB DEFAULT CHARSET=utf8mb4 COLLATE=utf8mb4_unicode_ci;

-- --------------------------------------------------------

--
-- Table structure for table `product_fulfillment_rate`
--

CREATE TABLE `product_fulfillment_rate` (
  `pitem_det_id` int NOT NULL,
  `client_id` int DEFAULT NULL,
  `start_order` int DEFAULT NULL,
  `end_order` int DEFAULT NULL,
  `fee_order` int DEFAULT NULL
) ENGINE=InnoDB DEFAULT CHARSET=latin1 ROW_FORMAT=DYNAMIC;

--
-- Dumping data for table `product_fulfillment_rate`
--

INSERT INTO `product_fulfillment_rate` (`pitem_det_id`, `client_id`, `start_order`, `end_order`, `fee_order`) VALUES
(1, 3, 0, 5, 10),
(2, 3, 6, 10, 20);

-- --------------------------------------------------------

--
-- Table structure for table `product_fulfillment_rate_2`
--

CREATE TABLE `product_fulfillment_rate_2` (
  `pitem_det_id` int NOT NULL,
  `client_id` int DEFAULT NULL,
  `start_item` int DEFAULT NULL,
  `end_item` int DEFAULT NULL,
  `fee_item` int DEFAULT NULL
) ENGINE=InnoDB DEFAULT CHARSET=latin1 ROW_FORMAT=DYNAMIC;

--
-- Dumping data for table `product_fulfillment_rate_2`
--

INSERT INTO `product_fulfillment_rate_2` (`pitem_det_id`, `client_id`, `start_item`, `end_item`, `fee_item`) VALUES
(1, 14, 0, 300, 500);

-- --------------------------------------------------------

--
-- Table structure for table `product_item`
--

CREATE TABLE `product_item` (
  `pitem_id` int NOT NULL,
  `client_id` int NOT NULL,
  `category_id` bigint UNSIGNED DEFAULT NULL,
  `item_id` int DEFAULT NULL,
  `pitem_title` varchar(70) NOT NULL,
  `pitem_code` varchar(50) DEFAULT NULL,
  `length` varchar(50) DEFAULT NULL,
  `width` varchar(50) DEFAULT NULL,
  `height` varchar(50) DEFAULT NULL,
  `weight` varchar(50) DEFAULT NULL,
  `img` text,
  `in_code` varchar(50) DEFAULT NULL,
  `fee_plan` varchar(50) DEFAULT NULL,
  `fl_rate` varchar(50) DEFAULT NULL,
  `pitem_status` tinyint(1) NOT NULL DEFAULT '1',
  `pitem_flag` tinyint(1) NOT NULL DEFAULT '1',
  `sort` varchar(50) DEFAULT NULL
) ENGINE=InnoDB DEFAULT CHARSET=latin1;

--
-- Dumping data for table `product_item`
--

INSERT INTO `product_item` (`pitem_id`, `client_id`, `category_id`, `item_id`, `pitem_title`, `pitem_code`, `length`, `width`, `height`, `weight`, `img`, `in_code`, `fee_plan`, `fl_rate`, `pitem_status`, `pitem_flag`, `sort`) VALUES
(2, 1, NULL, 1, 'Article 2', '56321235235', '6', '6', '5', '2', '1695632084.jpg', '231232135', '1', '1450', 1, 1, NULL),
(3, 1, NULL, 1, 'Article 3', '23266652323', '5', '4', '6', '.5', '520197083.jpg', '5464564556', '1', '500', 1, 1, NULL),
(4, 2, NULL, 1, 'Article 1', '756434545', '6', '6', '4', '3', '1550774375.jpg', '4534534654', '2', '', 1, 1, NULL),
(5, 2, NULL, 1, 'Article 2', '7454422454545', '5', '6', '5', '1', '527544390.jpg', '12242424545', '2', '', 1, 1, NULL),
(6, 2, NULL, 1, 'Article 3', '0212454546', '6', '5', '6', '.5', '2055193247.jpg', '23565655', '2', '', 1, 1, NULL),
(7, 1, NULL, 2, 'Pack 1', '876455', '5', '4', '4', '.5', '946290421.jpg', 'P-4555', '1', '500', 1, 1, NULL),
(8, 1, NULL, 2, 'Pack 2', '5656689', '6', '5', '6', '1', '1483287140.jpg', 'K-128', '1', '1200', 1, 1, NULL),
(9, 1, NULL, 3, 'Dabba', '48754', '5', '6', '6', '2', '1005196138.png', '1557', '1', '1650', 1, 1, NULL),
(10, 3, 1, 1, 'TV', '66546', '7', '5', '3', '9', '556688437.jpg', '65656', '1', '600', 1, 1, NULL),
(11, 3, 1, 1, 'Iron', '4545345', '7', '5', '3', '7', '11762196.jpg', '3454355', '1', '500', 1, 1, NULL),
(12, 3, 1, 1, 'Inverter', '55345353', '6', '5', '3', '8', '1161070170.jpg', '343', '2', '', 1, 1, NULL),
(13, 4, 1, 1, 'asg1', '12345', '4', '4', '4', '4', '818627378.JPG', '123456', '1', '15', 1, 1, NULL),
(14, 4, NULL, 1, 'asg2', '2112', '2', '2', '2', '2', '494763600.JPG', '21211', '2', '', 1, 1, NULL),
(15, 5, NULL, 1, 'Article 1', '545656', '5', '2', '2', '.5', '1048690701.jpg', 'Box', '1', '700', 1, 1, NULL),
(16, 3, NULL, 1, 'test', '423423', '7', '6', '5', '5', '624248674.jpg', '3434324', '2', '', 1, 1, NULL),
(21, 1, NULL, NULL, 'Coke', '1453674', '12', '6', '12', '5', '2088054992.png', '213415', '2', '', 1, 1, NULL),
(24, 7, 3, NULL, 'Weinbrenner', '1454236678986', '6', '6', '5', '2000', '898052997.jpg', '2134198', '1', '2000', 1, 1, NULL),
(25, 16, 1, NULL, 'Cake', '232536587698', '8', '6', '8', '5', '913353674.PNG', '9767567467', '1', '10000', 1, 1, NULL);

-- --------------------------------------------------------

--
-- Table structure for table `product_items_details`
--

CREATE TABLE `product_items_details` (
  `pitem_det_id` int NOT NULL,
  `client_id` int DEFAULT NULL,
  `start` int DEFAULT NULL,
  `end` int DEFAULT NULL,
  `fee` int DEFAULT NULL,
  `item_id` int DEFAULT NULL,
  `pitem_id` int DEFAULT NULL
) ENGINE=InnoDB DEFAULT CHARSET=latin1;

--
-- Dumping data for table `product_items_details`
--

INSERT INTO `product_items_details` (`pitem_det_id`, `client_id`, `start`, `end`, `fee`, `item_id`, `pitem_id`) VALUES
(1, 2, 1, 100, 1000, 1, 4),
(2, 2, 100, 200, 800, 1, 4),
(3, 2, 1, 100, 800, 1, 5),
(4, 2, 100, 200, 500, 1, 5),
(5, 2, 1, 100, 500, 1, 6),
(6, 2, 100, 200, 300, 1, 6),
(7, 3, 0, 0, 0, 1, 11),
(8, 3, 0, 100, 400, 1, 12),
(9, 3, 401, 1000, 200, 1, 12),
(10, 3, 1001, 2147483647, 100, 1, 12),
(11, 4, 0, 10, 500, 1, 14),
(12, 4, 11, 20, 1000, 1, 14),
(13, 4, 20, 999999, 150, 1, 14),
(14, 3, 0, 6, 10, 1, 16),
(15, 3, 7, 8, 20, 1, 16),
(16, 0, 0, 12, 20, 0, 17),
(17, 0, 0, 12, 100, 0, 18),
(18, 0, 0, 12, 200, 0, 19),
(19, 0, 0, 12, 0, 0, 20),
(20, 0, 0, 12, 200, 0, 21),
(21, 1, 0, 12, 0, 0, 22),
(22, 1, 0, 13, 300, 0, 23);

-- --------------------------------------------------------

--
-- Table structure for table `rack`
--

CREATE TABLE `rack` (
  `rk_id` int NOT NULL,
  `wh_id` int NOT NULL,
  `rk_location` varchar(50) DEFAULT NULL,
  `rk_code` varchar(50) NOT NULL,
  `row_name` varchar(50) DEFAULT NULL,
  `rack_code` varchar(50) DEFAULT NULL,
  `width` varchar(50) DEFAULT NULL,
  `height` varchar(8) DEFAULT NULL,
  `depth` varchar(8) DEFAULT NULL,
  `rack_status` tinyint(1) NOT NULL DEFAULT '1',
  `rack_flag` tinyint(1) NOT NULL DEFAULT '1',
  `rack_active_flag` varchar(50) DEFAULT '0'
) ENGINE=InnoDB DEFAULT CHARSET=latin1;

--
-- Dumping data for table `rack`
--

INSERT INTO `rack` (`rk_id`, `wh_id`, `rk_location`, `rk_code`, `row_name`, `rack_code`, `width`, `height`, `depth`, `rack_status`, `rack_flag`, `rack_active_flag`) VALUES
(48, 1, 'A1', 'R1', '4', 'DTL-A1-R1', '5', '10', '4', 1, 1, '0'),
(49, 1, 'B1', 'R1', '2', 'DTL-B1-R1', '2', '12', '2', 1, 1, '0'),
(50, 2, 'A', 'A1', '2', 'DTK-A-A1', '4', '10', '2', 1, 1, '0'),
(51, 1, 'C1', 'R1', '4', 'DTL-C1-R1', '2', '4', '2', 1, 1, '0'),
(52, 1, 'D1', 'D1', '10', 'DTL-D1-D1', '6', '5', '6', 1, 1, '0'),
(55, 1, 'D2', 'R8', '10', 'DTL-D2-R8', '6', '5', '6', 1, 1, '0'),
(59, 1, 'D6', 'R6', '5', 'DTL-D6-R6', '5', '7', '5', 1, 1, '0');

-- --------------------------------------------------------

--
-- Table structure for table `row_info`
--

CREATE TABLE `row_info` (
  `id` int NOT NULL,
  `wh_id` int NOT NULL DEFAULT '0',
  `rk_id` int DEFAULT NULL,
  `row_name` varchar(50) DEFAULT NULL,
  `row_code` varchar(50) DEFAULT NULL,
  `Width` int DEFAULT NULL,
  `Height` float DEFAULT NULL,
  `Depth` int DEFAULT NULL
) ENGINE=InnoDB DEFAULT CHARSET=utf8mb4 COLLATE=utf8mb4_0900_ai_ci;

--
-- Dumping data for table `row_info`
--

INSERT INTO `row_info` (`id`, `wh_id`, `rk_id`, `row_name`, `row_code`, `Width`, `Height`, `Depth`) VALUES
(107, 1, 48, 'R1', 'DTL-A1-RK1-R1', 5, 2, 4),
(108, 1, 48, 'R2', 'DTL-A1-RK1-R2', 5, 2, 4),
(109, 1, 48, 'R3', 'DTL-A1-RK1-R3', 5, 2, 4),
(110, 1, 48, 'R4', 'DTL-A1-RK1-R4', 5, 4, 4),
(111, 1, 49, 'R1', 'DTL-B1-R1-R1', 2, 12, 2),
(112, 1, 49, 'R2', 'DTL-B1-R1-R2', 2, 1, 2),
(113, 2, 50, 'R1', 'DTK-A-A1-R1', 4, 2, 2),
(114, 2, 50, 'R2', 'DTK-A-A1-R2', 4, 8, 2),
(115, 1, 51, 'R1', 'DTL-C1-RC1-R1', 2, 1, 2),
(116, 1, 51, 'R2', 'DTL-C1-RC1-R2', 2, 1, 2),
(117, 1, 51, 'R3', 'DTL-C1-RC1-R3', 2, 1, 2),
(118, 1, 51, 'R4', 'DTL-C1-RC1-R4', 2, 1, 2);

-- --------------------------------------------------------

--
-- Table structure for table `users`
--

CREATE TABLE `users` (
  `id` bigint UNSIGNED NOT NULL,
  `name` varchar(255) COLLATE utf8mb4_unicode_ci NOT NULL,
  `email` varchar(255) COLLATE utf8mb4_unicode_ci NOT NULL,
  `email_verified_at` timestamp NULL DEFAULT NULL,
  `password` varchar(255) COLLATE utf8mb4_unicode_ci NOT NULL,
  `remember_token` varchar(100) COLLATE utf8mb4_unicode_ci DEFAULT NULL,
  `created_at` timestamp NULL DEFAULT NULL,
  `updated_at` timestamp NULL DEFAULT NULL
) ENGINE=InnoDB DEFAULT CHARSET=utf8mb4 COLLATE=utf8mb4_unicode_ci;

--
-- Dumping data for table `users`
--

INSERT INTO `users` (`id`, `name`, `email`, `email_verified_at`, `password`, `remember_token`, `created_at`, `updated_at`) VALUES
(1, 'Hamaad', 'admin@wms.com', NULL, '$2y$10$UGUTrFUQHVcR7xCYnQDjve5IdgnGRvrhZ32uakSn578I60SgLaB/C', NULL, '2021-10-07 04:52:02', '2021-10-07 04:52:02');

-- --------------------------------------------------------

--
-- Table structure for table `vendor`
--

CREATE TABLE `vendor` (
  `vend_id` int NOT NULL,
  `vend_name` varchar(50) DEFAULT NULL,
  `vend_contact_prsn` varchar(50) DEFAULT NULL,
  `vend_email` varchar(50) DEFAULT NULL,
  `vend_address` varchar(50) DEFAULT NULL,
  `vend_number` varchar(50) DEFAULT NULL,
  `vend_status` tinyint(1) NOT NULL DEFAULT '1',
  `vend_flag` tinyint(1) NOT NULL DEFAULT '1'
) ENGINE=InnoDB DEFAULT CHARSET=latin1;

--
-- Dumping data for table `vendor`
--

INSERT INTO `vendor` (`vend_id`, `vend_name`, `vend_contact_prsn`, `vend_email`, `vend_address`, `vend_number`, `vend_status`, `vend_flag`) VALUES
(1, 'cat marketing', 'azaz sahib', 'hmdawood49@gmail.com', '12342342354', '10a safari villas bahria town lahore', 1, 1),
(2, 'Albakio Publishing and Printing', 'Mr. Basit Khan', 'basit @gmail.com', '03114135676', 'Chung Lahore', 1, 1),
(3, 'Book Land (Gaba Edu)', 'Book Land', 'Book Land@gmail.com', '123-111-122', 'Pakistan', 1, 1),
(4, 'Ferozsons (Pvt.) Ltd.', 'Ferozsons', 'Ferozsons@gmail,,com', '11-111-2233', 'Pakistan', 1, 1),
(5, 'Oxford University Press', 'Oxford University Press', 'Oxford University Press@gamil.com', '11-111-2221', 'Pakistan', 1, 1),
(6, 'Paramount Books (Pvt) Ltd', 'Paramount Books', 'Paramount Books (Pvt) Ltd@gmail,com', '11-111-22212', 'Pakistan', 1, 1),
(7, 'EcoBags', 'Eco', 'ecobagspk@gmail.com', '55B Block PECHS, Krachi.', '0345-8215733', 1, 1),
(8, 'Fajar File & Clip Board Hosue', 'Fajar File & Clip', 'Fajar File, @gmail.com', '11-111-2229', 'Pakistan', 1, 1),
(9, 'Musa Enterprises', 'Musa Enterprises', 'Mosa Enterprises@gmail..com', '11-111-2229', 'Pakistan', 1, 1),
(10, 'Pakistan Paper Product', 'Pakistan Paper', 'Pakistan Paper Product@gmail..com', '11-111-22254', 'Pakistan', 1, 1),
(11, 'SARMAD ASSOCIATES', 'SARMAD', 'SARMAD ASSOCIATES@gmail,com', '11-111-22254', 'Pakistan', 1, 1),
(12, 'Umair Stationers', 'Umair', 'Umair Stationers@gmail,com', '11-111-2224', 'Pakistan', 1, 1),
(13, 'Smart School Lahore Warehouse', 'Mr. Waseem', 'waseem@gmail.com', '03088886015', 'abz', 1, 1),
(14, 'Smart School South warehouse', 'Mr. Furqan Ahmad', 'scm-sr@thesmartschool.edu.pk', '03009276254', 'azb', 1, 1),
(15, 'SMART SCHOOL HEAD OFFICE', 'HEAD OFFICE', 'HEAD OFFICE', '112211-11', 'Pakistan', 1, 1),
(16, 'TAJ PACKAGES', 'TAJ', 'taj@gmail.com', '11-111-2', 'Pakistan', 1, 1),
(17, 'City School Head Office', 'city school', 'City School@gmai.com', '11-11-22', 'Pakistan', 1, 1),
(18, 'Discovery 2000', 'Discovery', 'Discovery@GMAIL.COM', '11-1-111-1', 'PAKISTAN', 1, 1),
(19, 'SMART SCHOOL NR WEAR HOUSE', 'TSS', 'SMARTSCHOOL@GMAIL.COM', '115-11-44-4', 'PAKISTAN', 1, 1),
(20, 'SMART SCHOOL CR WEAR HOUSE', 'TSS', 'SMARTSCHOOL@GMAIL.COM', '11-1-111-1-45', 'PAKISTAN', 1, 1),
(22, 'COLOUR KING (PVT.) LTD.', 'COLOUR', 'COLOU@GMAIL.COM', '11-111-222778', 'Pakistan', 1, 1),
(23, 'TALHA COLLECTION', 'TALHA', 'TALHACOLLECTION@GMAIL.COM', '115-4', 'Pakistan', 1, 1),
(24, 'AL FAREED STATIONERS', 'AL FAREED', 'ALFAREED@GMAIL.COM', '115-884-4', 'Pakistan', 1, 1),
(25, 'IMT EMBROIDERY', 'IMT', 'IMT@TGMAIL,COM', '11-111-222784', 'Pakistan', 1, 1),
(26, 'RN DIGITAL PRINT', 'RN', 'RN@GMAIL.COM', '45876-9', 'Pakistan', 1, 1),
(27, 'HY Enterprises (Pvt.) Ltd.', 'HY', 'hy@gmail.com', '11-111-22586', 'Pakistan', 1, 1),
(28, 'KHALID BOOK DEPOT', 'KHALID', 'NONE', '042-35165432', 'MODEL TOWN LAHORE', 1, 1),
(29, 'Sayyed Engineers Limited', 'None', 'none', 'none', 'MODEL TOWN EXTENSION,LAHORE 54700 PAKISTAN', 1, 1),
(30, 'Maqbool Books', 'Mr. Waseem', 'waseem@gmail.com', '03088886015', 'abz', 1, 1),
(31, 'DTL Cenrtral Region Wearhouse', 'Mureed Hussain', 'mureed@datatechnologies.com.pk', '0312-8225398', 'Bhubtian Chowk Raiwind Road Lahore', 1, 1),
(32, 'Test Vendor', 'ali', 'asasas', '0314644564', 'asasas', 1, 1),
(33, 'HY Design House', 'N/A', 'N/A', 'N/A', 'N/A', 1, 1),
(34, 'Furniture Workshop', 'N/A', 'N/A', 'N/A', 'N/A', 1, 1),
(35, 'Opening Balance', 'N/A', 'N/A', 'N/A', 'N/A', 1, 1),
(36, 'LPC', '+92-42-35876100-200', 'mudassir@lahorehouse.com', '+92-42-35876100-200', '8 Anand Road Upper Mall Lahore- Pakistan', 1, 1),
(37, 'A ZEPHYR PRINTER', '042-37300044', 'N/A', '042-37300044', '1st FLOOR, COMPUTER CENTER, 3 COURT STREET, 25-B L', 1, 1),
(38, 'TOPLINK PACKING (PVT) LIMITED', 'a', 'ETOPLINKPACKING@GMAIL.COM', '1', '1', 1, 1),
(39, 'Ideal Creation', 'N/A', 'N/A', 'N/A', 'N/A', 1, 0),
(40, 'Ideal Creation', '0305-44444444', 'N/A', 'N/A', 'N/A', 1, 1),
(41, 'AL QADIR PRINTERS', '+92 42 36315849', 'ALQADIRPRINTERS@GMAIL,COM', '+92 42 36364115', '8C DAVIS ROAD LAHORE PAKISTAN', 1, 1),
(42, 'Paper Clip', '+92-4235781779', 'info@paperclip.pk', '+92-4235781779', 'Lahore pakistan', 1, 1),
(43, 'Recycle', 'N/A', 'N/A', 'N/A', '00', 1, 1),
(44, 'The portfolio', 'The portfolio', 'The portfolio', 'The portfolio', 'The portfolio', 1, 1),
(45, 'Shakir international File', 'Shakir international File', 'Shakir international File', 'Shakir international File', 'Shakir international File', 1, 1),
(46, 'Sulman Stationers', 'Sulman Stationers', 'Sulman Stationers', 'Sulman Stationers', 'Sulman Stationers', 1, 1),
(47, 'Book Bro International', 'Book Bro International', 'Book Bro International', 'Book Bro International', 'Book Bro International', 1, 1),
(48, 'Bahadur Industries Pakistan', 'Bahadur Industries Pakistan', 'Bahadur Industries Pakistan', 'Bahadur Industries Pakistan', 'Bahadur Industries Pakistan', 1, 1),
(49, 'LYNX Advertising Pakistan', 'LYNX Advertising Pakistan', 'LYNX Advertising Pakistan', 'LYNX Advertising Pakistan', 'LYNX Advertising Pakistan', 1, 1),
(50, 'W.M Interprises', 'W.M Interprises', 'W.M Interprises', 'W.M Interprises', 'W.M Interprises', 1, 1),
(51, 'Shahsons Pvt Ltd.', 'Shahsons Pvt Ltd.', 'Shahsons Pvt Ltd.', 'Shahsons Pvt Ltd.', 'Shahsons Pvt Ltd.', 1, 1),
(52, 'Blossom Enterprices', 'Blossom Enterprices', 'Blossom Enterprices', 'Blossom Enterprices', 'Blossom Enterprices', 1, 1),
(53, 'DAR Plastic', 'DAR Plastic', 'DAR Plastic', 'DAR Plastic', 'DAR Plastic', 1, 1),
(54, 'Danish Publications', 'Danish Publications', 'Danish Publications', 'Danish Publications', 'Danish Publications', 1, 1),
(55, 'Publishers Marketing Associates', 'Publishers Marketing Associates', 'Publishers Marketing Associates', 'Publishers Marketing Associates', 'Publishers Marketing Associates', 1, 1),
(56, 'BILAL BROTHER', 'BILAL BROTHER', 'BILAL BROTHER', 'BILAL BROTHER', 'BILAL BROTHER', 1, 1),
(57, 'Maqbool Acdemy', 'Maqbool Acdemy', 'Maqbool Acdemy', 'Maqbool Acdemy', 'Maqbool Acdemy', 1, 1),
(58, 'INK FACTORY', 'INK FACTORY', 'INK FACTORY', 'INK FACTORY', 'INK FACTORY', 1, 1),
(59, 'Regional Office-SR', 'N/A', 'N/A', '21 34395545-7', 'E-31, Miran Muhammad Shah Road, Muhammad Ali Socie', 1, 1),
(60, 'Physical_Stock', 'N/A', 'N/A', 'N/A', 'N/A', 1, 1),
(61, 'Book Mark Publishing', '.', '.', '.', '.', 1, 1),
(62, 'EMKAY BOOKS INTERNATIONAL', 'EMKAY BOOKS', '.', '.', '.', 1, 1),
(63, 'NR Warehouse Rawalpindi', 'Raheem Shahzad', 'tssnrraheem@thesmartschools.edu.pk', '0336-5928108', 'Rawawlpindi', 1, 1);

-- --------------------------------------------------------

--
-- Table structure for table `vendor_details`
--

CREATE TABLE `vendor_details` (
  `vd_id` int NOT NULL,
  `vend_id` int DEFAULT NULL,
  `cls_id` int DEFAULT NULL,
  `sub_id` int DEFAULT NULL,
  `item_id` int DEFAULT NULL,
  `sch_id` int DEFAULT NULL
) ENGINE=InnoDB DEFAULT CHARSET=latin1;

--
-- Dumping data for table `vendor_details`
--

INSERT INTO `vendor_details` (`vd_id`, `vend_id`, `cls_id`, `sub_id`, `item_id`, `sch_id`) VALUES
(21, 2, 1, 1, 1, NULL),
(22, 2, 1, 3, 1, NULL),
(23, 2, 1, 5, 1, NULL),
(24, 2, 1, 9, 1, NULL),
(25, 2, 1, 10, 1, NULL),
(26, 2, 1, 14, 1, NULL),
(27, 2, 2, 1, 1, NULL),
(28, 2, 2, 3, 1, NULL),
(29, 2, 2, 5, 1, NULL),
(30, 2, 2, 9, 1, NULL),
(31, 2, 2, 10, 1, NULL),
(32, 2, 2, 14, 1, NULL),
(33, 2, 3, 1, 1, NULL),
(34, 2, 3, 3, 1, NULL),
(35, 2, 3, 5, 1, NULL),
(36, 2, 3, 9, 1, NULL),
(37, 2, 3, 10, 1, NULL),
(38, 2, 3, 14, 1, NULL),
(39, 2, 4, 1, 1, NULL),
(40, 2, 4, 3, 1, NULL),
(41, 2, 4, 5, 1, NULL),
(42, 2, 4, 9, 1, NULL),
(43, 2, 4, 10, 1, NULL),
(44, 2, 4, 14, 1, NULL),
(45, 2, 5, 1, 1, NULL),
(46, 2, 5, 3, 1, NULL),
(47, 2, 5, 5, 1, NULL),
(48, 2, 5, 9, 1, NULL),
(49, 2, 5, 10, 1, NULL),
(50, 2, 5, 14, 1, NULL),
(51, 2, 6, 1, 1, NULL),
(52, 2, 6, 3, 1, NULL),
(53, 2, 6, 5, 1, NULL),
(54, 2, 6, 9, 1, NULL),
(55, 2, 6, 10, 1, NULL),
(56, 2, 6, 14, 1, NULL),
(57, 2, 7, 1, 1, NULL),
(58, 2, 7, 3, 1, NULL),
(59, 2, 7, 5, 1, NULL),
(60, 2, 7, 9, 1, NULL),
(61, 2, 7, 10, 1, NULL),
(62, 2, 7, 14, 1, NULL),
(63, 2, 8, 1, 1, NULL),
(64, 2, 8, 3, 1, NULL),
(65, 2, 8, 5, 1, NULL),
(66, 2, 8, 9, 1, NULL),
(67, 2, 8, 10, 1, NULL),
(68, 2, 8, 14, 1, NULL),
(69, 2, 9, 1, 1, NULL),
(70, 2, 9, 3, 1, NULL),
(71, 2, 9, 5, 1, NULL),
(72, 2, 9, 9, 1, NULL),
(73, 2, 9, 10, 1, NULL),
(74, 2, 9, 14, 1, NULL),
(75, 2, 10, 1, 1, NULL),
(76, 2, 10, 3, 1, NULL),
(77, 2, 10, 5, 1, NULL),
(78, 2, 10, 9, 1, NULL),
(79, 2, 10, 10, 1, NULL),
(80, 2, 10, 14, 1, NULL),
(81, 2, 11, 1, 1, NULL),
(82, 2, 11, 3, 1, NULL),
(83, 2, 11, 5, 1, NULL),
(84, 2, 11, 9, 1, NULL),
(85, 2, 11, 10, 1, NULL),
(86, 2, 11, 14, 1, NULL),
(87, 2, 12, 1, 1, NULL),
(88, 2, 12, 3, 1, NULL),
(89, 2, 12, 5, 1, NULL),
(90, 2, 12, 9, 1, NULL),
(91, 2, 12, 10, 1, NULL),
(92, 2, 12, 14, 1, NULL),
(93, 2, 13, 1, 1, NULL),
(94, 2, 13, 3, 1, NULL),
(95, 2, 13, 5, 1, NULL),
(96, 2, 13, 9, 1, NULL),
(97, 2, 13, 10, 1, NULL),
(98, 2, 13, 14, 1, NULL),
(99, 3, 1, 1, 1, NULL),
(100, 3, 1, 3, 1, NULL),
(101, 3, 1, 5, 1, NULL),
(102, 3, 1, 9, 1, NULL),
(103, 3, 1, 10, 1, NULL),
(104, 3, 1, 14, 1, NULL),
(105, 3, 2, 1, 1, NULL),
(106, 3, 2, 3, 1, NULL),
(107, 3, 2, 5, 1, NULL),
(108, 3, 2, 9, 1, NULL),
(109, 3, 2, 10, 1, NULL),
(110, 3, 2, 14, 1, NULL),
(111, 3, 3, 1, 1, NULL),
(112, 3, 3, 3, 1, NULL),
(113, 3, 3, 5, 1, NULL),
(114, 3, 3, 9, 1, NULL),
(115, 3, 3, 10, 1, NULL),
(116, 3, 3, 14, 1, NULL),
(117, 3, 4, 1, 1, NULL),
(118, 3, 4, 3, 1, NULL),
(119, 3, 4, 5, 1, NULL),
(120, 3, 4, 9, 1, NULL),
(121, 3, 4, 10, 1, NULL),
(122, 3, 4, 14, 1, NULL),
(123, 3, 5, 1, 1, NULL),
(124, 3, 5, 3, 1, NULL),
(125, 3, 5, 5, 1, NULL),
(126, 3, 5, 9, 1, NULL),
(127, 3, 5, 10, 1, NULL),
(128, 3, 5, 14, 1, NULL),
(129, 3, 6, 1, 1, NULL),
(130, 3, 6, 3, 1, NULL),
(131, 3, 6, 5, 1, NULL),
(132, 3, 6, 9, 1, NULL),
(133, 3, 6, 10, 1, NULL),
(134, 3, 6, 14, 1, NULL),
(135, 3, 7, 1, 1, NULL),
(136, 3, 7, 3, 1, NULL),
(137, 3, 7, 5, 1, NULL),
(138, 3, 7, 9, 1, NULL),
(139, 3, 7, 10, 1, NULL),
(140, 3, 7, 14, 1, NULL),
(141, 3, 8, 1, 1, NULL),
(142, 3, 8, 3, 1, NULL),
(143, 3, 8, 5, 1, NULL),
(144, 3, 8, 9, 1, NULL),
(145, 3, 8, 10, 1, NULL),
(146, 3, 8, 14, 1, NULL),
(147, 3, 9, 1, 1, NULL),
(148, 3, 9, 3, 1, NULL),
(149, 3, 9, 5, 1, NULL),
(150, 3, 9, 9, 1, NULL),
(151, 3, 9, 10, 1, NULL),
(152, 3, 9, 14, 1, NULL),
(153, 3, 10, 1, 1, NULL),
(154, 3, 10, 3, 1, NULL),
(155, 3, 10, 5, 1, NULL),
(156, 3, 10, 9, 1, NULL),
(157, 3, 10, 10, 1, NULL),
(158, 3, 10, 14, 1, NULL),
(159, 3, 11, 1, 1, NULL),
(160, 3, 11, 3, 1, NULL),
(161, 3, 11, 5, 1, NULL),
(162, 3, 11, 9, 1, NULL),
(163, 3, 11, 10, 1, NULL),
(164, 3, 11, 14, 1, NULL),
(165, 3, 12, 1, 1, NULL),
(166, 3, 12, 3, 1, NULL),
(167, 3, 12, 5, 1, NULL),
(168, 3, 12, 9, 1, NULL),
(169, 3, 12, 10, 1, NULL),
(170, 3, 12, 14, 1, NULL),
(171, 3, 13, 1, 1, NULL),
(172, 3, 13, 3, 1, NULL),
(173, 3, 13, 5, 1, NULL),
(174, 3, 13, 9, 1, NULL),
(175, 3, 13, 10, 1, NULL),
(176, 3, 13, 14, 1, NULL),
(177, 4, 1, 7, 1, NULL),
(178, 4, 2, 7, 1, NULL),
(179, 4, 3, 7, 1, NULL),
(180, 4, 4, 7, 1, NULL),
(181, 4, 5, 7, 1, NULL),
(182, 4, 6, 7, 1, NULL),
(183, 4, 7, 7, 1, NULL),
(184, 4, 8, 7, 1, NULL),
(185, 4, 9, 7, 1, NULL),
(186, 4, 10, 7, 1, NULL),
(187, 4, 11, 7, 1, NULL),
(188, 4, 12, 7, 1, NULL),
(189, 4, 13, 7, 1, NULL),
(190, 5, 1, 3, 1, NULL),
(191, 5, 1, 5, 1, NULL),
(192, 5, 1, 7, 1, NULL),
(193, 5, 1, 9, 1, NULL),
(194, 5, 1, 10, 1, NULL),
(195, 5, 1, 14, 1, NULL),
(196, 5, 2, 3, 1, NULL),
(197, 5, 2, 5, 1, NULL),
(198, 5, 2, 7, 1, NULL),
(199, 5, 2, 9, 1, NULL),
(200, 5, 2, 10, 1, NULL),
(201, 5, 2, 14, 1, NULL),
(202, 5, 3, 3, 1, NULL),
(203, 5, 3, 5, 1, NULL),
(204, 5, 3, 7, 1, NULL),
(205, 5, 3, 9, 1, NULL),
(206, 5, 3, 10, 1, NULL),
(207, 5, 3, 14, 1, NULL),
(208, 5, 4, 3, 1, NULL),
(209, 5, 4, 5, 1, NULL),
(210, 5, 4, 7, 1, NULL),
(211, 5, 4, 9, 1, NULL),
(212, 5, 4, 10, 1, NULL),
(213, 5, 4, 14, 1, NULL),
(214, 5, 5, 3, 1, NULL),
(215, 5, 5, 5, 1, NULL),
(216, 5, 5, 7, 1, NULL),
(217, 5, 5, 9, 1, NULL),
(218, 5, 5, 10, 1, NULL),
(219, 5, 5, 14, 1, NULL),
(220, 5, 6, 3, 1, NULL),
(221, 5, 6, 5, 1, NULL),
(222, 5, 6, 7, 1, NULL),
(223, 5, 6, 9, 1, NULL),
(224, 5, 6, 10, 1, NULL),
(225, 5, 6, 14, 1, NULL),
(226, 5, 7, 3, 1, NULL),
(227, 5, 7, 5, 1, NULL),
(228, 5, 7, 7, 1, NULL),
(229, 5, 7, 9, 1, NULL),
(230, 5, 7, 10, 1, NULL),
(231, 5, 7, 14, 1, NULL),
(232, 5, 8, 3, 1, NULL),
(233, 5, 8, 5, 1, NULL),
(234, 5, 8, 7, 1, NULL),
(235, 5, 8, 9, 1, NULL),
(236, 5, 8, 10, 1, NULL),
(237, 5, 8, 14, 1, NULL),
(238, 5, 9, 3, 1, NULL),
(239, 5, 9, 5, 1, NULL),
(240, 5, 9, 7, 1, NULL),
(241, 5, 9, 9, 1, NULL),
(242, 5, 9, 10, 1, NULL),
(243, 5, 9, 14, 1, NULL),
(244, 5, 10, 3, 1, NULL),
(245, 5, 10, 5, 1, NULL),
(246, 5, 10, 7, 1, NULL),
(247, 5, 10, 9, 1, NULL),
(248, 5, 10, 10, 1, NULL),
(249, 5, 10, 14, 1, NULL),
(250, 5, 11, 3, 1, NULL),
(251, 5, 11, 5, 1, NULL),
(252, 5, 11, 7, 1, NULL),
(253, 5, 11, 9, 1, NULL),
(254, 5, 11, 10, 1, NULL),
(255, 5, 11, 14, 1, NULL),
(256, 5, 12, 3, 1, NULL),
(257, 5, 12, 5, 1, NULL),
(258, 5, 12, 7, 1, NULL),
(259, 5, 12, 9, 1, NULL),
(260, 5, 12, 10, 1, NULL),
(261, 5, 12, 14, 1, NULL),
(262, 5, 13, 3, 1, NULL),
(263, 5, 13, 5, 1, NULL),
(264, 5, 13, 7, 1, NULL),
(265, 5, 13, 9, 1, NULL),
(266, 5, 13, 10, 1, NULL),
(267, 5, 13, 14, 1, NULL),
(268, 6, 1, 1, 1, NULL),
(269, 6, 1, 3, 1, NULL),
(270, 6, 1, 5, 1, NULL),
(271, 6, 1, 9, 1, NULL),
(272, 6, 1, 10, 1, NULL),
(273, 6, 1, 14, 1, NULL),
(274, 6, 2, 1, 1, NULL),
(275, 6, 2, 3, 1, NULL),
(276, 6, 2, 5, 1, NULL),
(277, 6, 2, 9, 1, NULL),
(278, 6, 2, 10, 1, NULL),
(279, 6, 2, 14, 1, NULL),
(280, 6, 3, 1, 1, NULL),
(281, 6, 3, 3, 1, NULL),
(282, 6, 3, 5, 1, NULL),
(283, 6, 3, 9, 1, NULL),
(284, 6, 3, 10, 1, NULL),
(285, 6, 3, 14, 1, NULL),
(286, 6, 4, 1, 1, NULL),
(287, 6, 4, 3, 1, NULL),
(288, 6, 4, 5, 1, NULL),
(289, 6, 4, 9, 1, NULL),
(290, 6, 4, 10, 1, NULL),
(291, 6, 4, 14, 1, NULL),
(292, 6, 5, 1, 1, NULL),
(293, 6, 5, 3, 1, NULL),
(294, 6, 5, 5, 1, NULL),
(295, 6, 5, 9, 1, NULL),
(296, 6, 5, 10, 1, NULL),
(297, 6, 5, 14, 1, NULL),
(298, 6, 6, 1, 1, NULL),
(299, 6, 6, 3, 1, NULL),
(300, 6, 6, 5, 1, NULL),
(301, 6, 6, 9, 1, NULL),
(302, 6, 6, 10, 1, NULL),
(303, 6, 6, 14, 1, NULL),
(304, 6, 7, 1, 1, NULL),
(305, 6, 7, 3, 1, NULL),
(306, 6, 7, 5, 1, NULL),
(307, 6, 7, 9, 1, NULL),
(308, 6, 7, 10, 1, NULL),
(309, 6, 7, 14, 1, NULL),
(310, 6, 8, 1, 1, NULL),
(311, 6, 8, 3, 1, NULL),
(312, 6, 8, 5, 1, NULL),
(313, 6, 8, 9, 1, NULL),
(314, 6, 8, 10, 1, NULL),
(315, 6, 8, 14, 1, NULL),
(316, 6, 9, 1, 1, NULL),
(317, 6, 9, 3, 1, NULL),
(318, 6, 9, 5, 1, NULL),
(319, 6, 9, 9, 1, NULL),
(320, 6, 9, 10, 1, NULL),
(321, 6, 9, 14, 1, NULL),
(322, 6, 10, 1, 1, NULL),
(323, 6, 10, 3, 1, NULL),
(324, 6, 10, 5, 1, NULL),
(325, 6, 10, 9, 1, NULL),
(326, 6, 10, 10, 1, NULL),
(327, 6, 10, 14, 1, NULL),
(328, 6, 11, 1, 1, NULL),
(329, 6, 11, 3, 1, NULL),
(330, 6, 11, 5, 1, NULL),
(331, 6, 11, 9, 1, NULL),
(332, 6, 11, 10, 1, NULL),
(333, 6, 11, 14, 1, NULL),
(334, 6, 12, 1, 1, NULL),
(335, 6, 12, 3, 1, NULL),
(336, 6, 12, 5, 1, NULL),
(337, 6, 12, 9, 1, NULL),
(338, 6, 12, 10, 1, NULL),
(339, 6, 12, 14, 1, NULL),
(340, 6, 13, 1, 1, NULL),
(341, 6, 13, 3, 1, NULL),
(342, 6, 13, 5, 1, NULL),
(343, 6, 13, 9, 1, NULL),
(344, 6, 13, 10, 1, NULL),
(345, 6, 13, 14, 1, NULL),
(359, 8, 1, 16, 11, NULL),
(360, 8, 2, 16, 11, NULL),
(361, 8, 3, 16, 11, NULL),
(362, 8, 4, 16, 11, NULL),
(363, 8, 5, 16, 11, NULL),
(364, 8, 6, 16, 11, NULL),
(365, 8, 7, 16, 11, NULL),
(366, 8, 8, 16, 11, NULL),
(367, 8, 9, 16, 11, NULL),
(368, 8, 10, 16, 11, NULL),
(369, 8, 11, 16, 11, NULL),
(370, 8, 12, 16, 11, NULL),
(371, 8, 13, 16, 11, NULL),
(372, 9, 1, 16, 11, NULL),
(373, 9, 2, 16, 11, NULL),
(374, 9, 3, 16, 11, NULL),
(375, 9, 4, 16, 11, NULL),
(376, 9, 5, 16, 11, NULL),
(377, 9, 6, 16, 11, NULL),
(378, 9, 7, 16, 11, NULL),
(379, 9, 8, 16, 11, NULL),
(380, 9, 9, 16, 11, NULL),
(381, 9, 10, 16, 11, NULL),
(382, 9, 11, 16, 11, NULL),
(383, 9, 12, 16, 11, NULL),
(384, 9, 13, 16, 11, NULL),
(385, 10, 1, 15, 3, NULL),
(386, 10, 2, 15, 3, NULL),
(387, 10, 3, 15, 3, NULL),
(388, 10, 4, 15, 3, NULL),
(389, 10, 5, 15, 3, NULL),
(390, 10, 6, 15, 3, NULL),
(391, 10, 7, 15, 3, NULL),
(392, 10, 8, 15, 3, NULL),
(393, 10, 9, 15, 3, NULL),
(394, 10, 10, 15, 3, NULL),
(395, 10, 11, 15, 3, NULL),
(396, 10, 12, 15, 3, NULL),
(397, 10, 13, 15, 3, NULL),
(398, 11, 1, 16, 11, NULL),
(399, 11, 2, 16, 11, NULL),
(400, 11, 3, 16, 11, NULL),
(401, 11, 4, 16, 11, NULL),
(402, 11, 5, 16, 11, NULL),
(403, 11, 6, 16, 11, NULL),
(404, 11, 7, 16, 11, NULL),
(405, 11, 8, 16, 11, NULL),
(406, 11, 9, 16, 11, NULL),
(407, 11, 10, 16, 11, NULL),
(408, 11, 11, 16, 11, NULL),
(409, 11, 12, 16, 11, NULL),
(410, 11, 13, 16, 11, NULL),
(411, 12, 1, 16, 11, NULL),
(412, 12, 2, 16, 11, NULL),
(413, 12, 3, 16, 11, NULL),
(414, 12, 4, 16, 11, NULL),
(415, 12, 5, 16, 11, NULL),
(416, 12, 6, 16, 11, NULL),
(417, 12, 7, 16, 11, NULL),
(418, 12, 8, 16, 11, NULL),
(419, 12, 9, 16, 11, NULL),
(420, 12, 10, 16, 11, NULL),
(421, 12, 11, 16, 11, NULL),
(422, 12, 12, 16, 11, NULL),
(423, 12, 13, 16, 11, NULL),
(424, 13, 1, 3, 1, NULL),
(425, 13, 1, 5, 1, NULL),
(426, 13, 1, 7, 1, NULL),
(427, 13, 1, 9, 1, NULL),
(428, 13, 1, 10, 1, NULL),
(429, 13, 1, 11, 1, NULL),
(430, 13, 1, 12, 1, NULL),
(431, 13, 1, 13, 1, NULL),
(432, 13, 1, 14, 1, NULL),
(433, 13, 1, 15, 1, NULL),
(434, 13, 1, 16, 1, NULL),
(435, 13, 2, 3, 1, NULL),
(436, 13, 2, 5, 1, NULL),
(437, 13, 2, 7, 1, NULL),
(438, 13, 2, 9, 1, NULL),
(439, 13, 2, 10, 1, NULL),
(440, 13, 2, 11, 1, NULL),
(441, 13, 2, 12, 1, NULL),
(442, 13, 2, 13, 1, NULL),
(443, 13, 2, 14, 1, NULL),
(444, 13, 2, 15, 1, NULL),
(445, 13, 2, 16, 1, NULL),
(446, 13, 3, 3, 1, NULL),
(447, 13, 3, 5, 1, NULL),
(448, 13, 3, 7, 1, NULL),
(449, 13, 3, 9, 1, NULL),
(450, 13, 3, 10, 1, NULL),
(451, 13, 3, 11, 1, NULL),
(452, 13, 3, 12, 1, NULL),
(453, 13, 3, 13, 1, NULL),
(454, 13, 3, 14, 1, NULL),
(455, 13, 3, 15, 1, NULL),
(456, 13, 3, 16, 1, NULL),
(457, 13, 4, 3, 1, NULL),
(458, 13, 4, 5, 1, NULL),
(459, 13, 4, 7, 1, NULL),
(460, 13, 4, 9, 1, NULL),
(461, 13, 4, 10, 1, NULL),
(462, 13, 4, 11, 1, NULL),
(463, 13, 4, 12, 1, NULL),
(464, 13, 4, 13, 1, NULL),
(465, 13, 4, 14, 1, NULL),
(466, 13, 4, 15, 1, NULL),
(467, 13, 4, 16, 1, NULL),
(468, 13, 5, 3, 1, NULL),
(469, 13, 5, 5, 1, NULL),
(470, 13, 5, 7, 1, NULL),
(471, 13, 5, 9, 1, NULL),
(472, 13, 5, 10, 1, NULL),
(473, 13, 5, 11, 1, NULL),
(474, 13, 5, 12, 1, NULL),
(475, 13, 5, 13, 1, NULL),
(476, 13, 5, 14, 1, NULL),
(477, 13, 5, 15, 1, NULL),
(478, 13, 5, 16, 1, NULL),
(479, 13, 6, 3, 1, NULL),
(480, 13, 6, 5, 1, NULL),
(481, 13, 6, 7, 1, NULL),
(482, 13, 6, 9, 1, NULL),
(483, 13, 6, 10, 1, NULL),
(484, 13, 6, 11, 1, NULL),
(485, 13, 6, 12, 1, NULL),
(486, 13, 6, 13, 1, NULL),
(487, 13, 6, 14, 1, NULL),
(488, 13, 6, 15, 1, NULL),
(489, 13, 6, 16, 1, NULL),
(490, 13, 7, 3, 1, NULL),
(491, 13, 7, 5, 1, NULL),
(492, 13, 7, 7, 1, NULL),
(493, 13, 7, 9, 1, NULL),
(494, 13, 7, 10, 1, NULL),
(495, 13, 7, 11, 1, NULL),
(496, 13, 7, 12, 1, NULL),
(497, 13, 7, 13, 1, NULL),
(498, 13, 7, 14, 1, NULL),
(499, 13, 7, 15, 1, NULL),
(500, 13, 7, 16, 1, NULL),
(501, 13, 8, 3, 1, NULL),
(502, 13, 8, 5, 1, NULL),
(503, 13, 8, 7, 1, NULL),
(504, 13, 8, 9, 1, NULL),
(505, 13, 8, 10, 1, NULL),
(506, 13, 8, 11, 1, NULL),
(507, 13, 8, 12, 1, NULL),
(508, 13, 8, 13, 1, NULL),
(509, 13, 8, 14, 1, NULL),
(510, 13, 8, 15, 1, NULL),
(511, 13, 8, 16, 1, NULL),
(512, 13, 9, 3, 1, NULL),
(513, 13, 9, 5, 1, NULL),
(514, 13, 9, 7, 1, NULL),
(515, 13, 9, 9, 1, NULL),
(516, 13, 9, 10, 1, NULL),
(517, 13, 9, 11, 1, NULL),
(518, 13, 9, 12, 1, NULL),
(519, 13, 9, 13, 1, NULL),
(520, 13, 9, 14, 1, NULL),
(521, 13, 9, 15, 1, NULL),
(522, 13, 9, 16, 1, NULL),
(523, 13, 10, 3, 1, NULL),
(524, 13, 10, 5, 1, NULL),
(525, 13, 10, 7, 1, NULL),
(526, 13, 10, 9, 1, NULL),
(527, 13, 10, 10, 1, NULL),
(528, 13, 10, 11, 1, NULL),
(529, 13, 10, 12, 1, NULL),
(530, 13, 10, 13, 1, NULL),
(531, 13, 10, 14, 1, NULL),
(532, 13, 10, 15, 1, NULL),
(533, 13, 10, 16, 1, NULL),
(534, 13, 11, 3, 1, NULL),
(535, 13, 11, 5, 1, NULL),
(536, 13, 11, 7, 1, NULL),
(537, 13, 11, 9, 1, NULL),
(538, 13, 11, 10, 1, NULL),
(539, 13, 11, 11, 1, NULL),
(540, 13, 11, 12, 1, NULL),
(541, 13, 11, 13, 1, NULL),
(542, 13, 11, 14, 1, NULL),
(543, 13, 11, 15, 1, NULL),
(544, 13, 11, 16, 1, NULL),
(545, 13, 12, 3, 1, NULL),
(546, 13, 12, 5, 1, NULL),
(547, 13, 12, 7, 1, NULL),
(548, 13, 12, 9, 1, NULL),
(549, 13, 12, 10, 1, NULL),
(550, 13, 12, 11, 1, NULL),
(551, 13, 12, 12, 1, NULL),
(552, 13, 12, 13, 1, NULL),
(553, 13, 12, 14, 1, NULL),
(554, 13, 12, 15, 1, NULL),
(555, 13, 12, 16, 1, NULL),
(556, 13, 13, 3, 1, NULL),
(557, 13, 13, 5, 1, NULL),
(558, 13, 13, 7, 1, NULL),
(559, 13, 13, 9, 1, NULL),
(560, 13, 13, 10, 1, NULL),
(561, 13, 13, 11, 1, NULL),
(562, 13, 13, 12, 1, NULL),
(563, 13, 13, 13, 1, NULL),
(564, 13, 13, 14, 1, NULL),
(565, 13, 13, 15, 1, NULL),
(566, 13, 13, 16, 1, NULL),
(567, 13, 1, 3, 2, NULL),
(568, 13, 1, 5, 2, NULL),
(569, 13, 1, 7, 2, NULL),
(570, 13, 1, 9, 2, NULL),
(571, 13, 1, 10, 2, NULL),
(572, 13, 1, 11, 2, NULL),
(573, 13, 1, 12, 2, NULL),
(574, 13, 1, 13, 2, NULL),
(575, 13, 1, 14, 2, NULL),
(576, 13, 1, 15, 2, NULL),
(577, 13, 1, 16, 2, NULL),
(578, 13, 2, 3, 2, NULL),
(579, 13, 2, 5, 2, NULL),
(580, 13, 2, 7, 2, NULL),
(581, 13, 2, 9, 2, NULL),
(582, 13, 2, 10, 2, NULL),
(583, 13, 2, 11, 2, NULL),
(584, 13, 2, 12, 2, NULL),
(585, 13, 2, 13, 2, NULL),
(586, 13, 2, 14, 2, NULL),
(587, 13, 2, 15, 2, NULL),
(588, 13, 2, 16, 2, NULL),
(589, 13, 3, 3, 2, NULL),
(590, 13, 3, 5, 2, NULL),
(591, 13, 3, 7, 2, NULL),
(592, 13, 3, 9, 2, NULL),
(593, 13, 3, 10, 2, NULL),
(594, 13, 3, 11, 2, NULL),
(595, 13, 3, 12, 2, NULL),
(596, 13, 3, 13, 2, NULL),
(597, 13, 3, 14, 2, NULL),
(598, 13, 3, 15, 2, NULL),
(599, 13, 3, 16, 2, NULL),
(600, 13, 4, 3, 2, NULL),
(601, 13, 4, 5, 2, NULL),
(602, 13, 4, 7, 2, NULL),
(603, 13, 4, 9, 2, NULL),
(604, 13, 4, 10, 2, NULL),
(605, 13, 4, 11, 2, NULL),
(606, 13, 4, 12, 2, NULL),
(607, 13, 4, 13, 2, NULL),
(608, 13, 4, 14, 2, NULL),
(609, 13, 4, 15, 2, NULL),
(610, 13, 4, 16, 2, NULL),
(611, 13, 5, 3, 2, NULL),
(612, 13, 5, 5, 2, NULL),
(613, 13, 5, 7, 2, NULL),
(614, 13, 5, 9, 2, NULL),
(615, 13, 5, 10, 2, NULL),
(616, 13, 5, 11, 2, NULL),
(617, 13, 5, 12, 2, NULL),
(618, 13, 5, 13, 2, NULL),
(619, 13, 5, 14, 2, NULL),
(620, 13, 5, 15, 2, NULL),
(621, 13, 5, 16, 2, NULL),
(622, 13, 6, 3, 2, NULL),
(623, 13, 6, 5, 2, NULL),
(624, 13, 6, 7, 2, NULL),
(625, 13, 6, 9, 2, NULL),
(626, 13, 6, 10, 2, NULL),
(627, 13, 6, 11, 2, NULL),
(628, 13, 6, 12, 2, NULL),
(629, 13, 6, 13, 2, NULL),
(630, 13, 6, 14, 2, NULL),
(631, 13, 6, 15, 2, NULL),
(632, 13, 6, 16, 2, NULL),
(633, 13, 7, 3, 2, NULL),
(634, 13, 7, 5, 2, NULL),
(635, 13, 7, 7, 2, NULL),
(636, 13, 7, 9, 2, NULL),
(637, 13, 7, 10, 2, NULL),
(638, 13, 7, 11, 2, NULL),
(639, 13, 7, 12, 2, NULL),
(640, 13, 7, 13, 2, NULL),
(641, 13, 7, 14, 2, NULL),
(642, 13, 7, 15, 2, NULL),
(643, 13, 7, 16, 2, NULL),
(644, 13, 8, 3, 2, NULL),
(645, 13, 8, 5, 2, NULL),
(646, 13, 8, 7, 2, NULL),
(647, 13, 8, 9, 2, NULL),
(648, 13, 8, 10, 2, NULL),
(649, 13, 8, 11, 2, NULL),
(650, 13, 8, 12, 2, NULL),
(651, 13, 8, 13, 2, NULL),
(652, 13, 8, 14, 2, NULL),
(653, 13, 8, 15, 2, NULL),
(654, 13, 8, 16, 2, NULL),
(655, 13, 9, 3, 2, NULL),
(656, 13, 9, 5, 2, NULL),
(657, 13, 9, 7, 2, NULL),
(658, 13, 9, 9, 2, NULL),
(659, 13, 9, 10, 2, NULL),
(660, 13, 9, 11, 2, NULL),
(661, 13, 9, 12, 2, NULL),
(662, 13, 9, 13, 2, NULL),
(663, 13, 9, 14, 2, NULL),
(664, 13, 9, 15, 2, NULL),
(665, 13, 9, 16, 2, NULL),
(666, 13, 10, 3, 2, NULL),
(667, 13, 10, 5, 2, NULL),
(668, 13, 10, 7, 2, NULL),
(669, 13, 10, 9, 2, NULL),
(670, 13, 10, 10, 2, NULL),
(671, 13, 10, 11, 2, NULL),
(672, 13, 10, 12, 2, NULL),
(673, 13, 10, 13, 2, NULL),
(674, 13, 10, 14, 2, NULL),
(675, 13, 10, 15, 2, NULL),
(676, 13, 10, 16, 2, NULL),
(677, 13, 11, 3, 2, NULL),
(678, 13, 11, 5, 2, NULL),
(679, 13, 11, 7, 2, NULL),
(680, 13, 11, 9, 2, NULL),
(681, 13, 11, 10, 2, NULL),
(682, 13, 11, 11, 2, NULL),
(683, 13, 11, 12, 2, NULL),
(684, 13, 11, 13, 2, NULL),
(685, 13, 11, 14, 2, NULL),
(686, 13, 11, 15, 2, NULL),
(687, 13, 11, 16, 2, NULL),
(688, 13, 12, 3, 2, NULL),
(689, 13, 12, 5, 2, NULL),
(690, 13, 12, 7, 2, NULL),
(691, 13, 12, 9, 2, NULL),
(692, 13, 12, 10, 2, NULL),
(693, 13, 12, 11, 2, NULL),
(694, 13, 12, 12, 2, NULL),
(695, 13, 12, 13, 2, NULL),
(696, 13, 12, 14, 2, NULL),
(697, 13, 12, 15, 2, NULL),
(698, 13, 12, 16, 2, NULL),
(699, 13, 13, 3, 2, NULL),
(700, 13, 13, 5, 2, NULL),
(701, 13, 13, 7, 2, NULL),
(702, 13, 13, 9, 2, NULL),
(703, 13, 13, 10, 2, NULL),
(704, 13, 13, 11, 2, NULL),
(705, 13, 13, 12, 2, NULL),
(706, 13, 13, 13, 2, NULL),
(707, 13, 13, 14, 2, NULL),
(708, 13, 13, 15, 2, NULL),
(709, 13, 13, 16, 2, NULL),
(710, 13, 1, 3, 3, NULL),
(711, 13, 1, 5, 3, NULL),
(712, 13, 1, 7, 3, NULL),
(713, 13, 1, 9, 3, NULL),
(714, 13, 1, 10, 3, NULL),
(715, 13, 1, 11, 3, NULL),
(716, 13, 1, 12, 3, NULL),
(717, 13, 1, 13, 3, NULL),
(718, 13, 1, 14, 3, NULL),
(719, 13, 1, 15, 3, NULL),
(720, 13, 1, 16, 3, NULL),
(721, 13, 2, 3, 3, NULL),
(722, 13, 2, 5, 3, NULL),
(723, 13, 2, 7, 3, NULL),
(724, 13, 2, 9, 3, NULL),
(725, 13, 2, 10, 3, NULL),
(726, 13, 2, 11, 3, NULL),
(727, 13, 2, 12, 3, NULL),
(728, 13, 2, 13, 3, NULL),
(729, 13, 2, 14, 3, NULL),
(730, 13, 2, 15, 3, NULL),
(731, 13, 2, 16, 3, NULL),
(732, 13, 3, 3, 3, NULL),
(733, 13, 3, 5, 3, NULL),
(734, 13, 3, 7, 3, NULL),
(735, 13, 3, 9, 3, NULL),
(736, 13, 3, 10, 3, NULL),
(737, 13, 3, 11, 3, NULL),
(738, 13, 3, 12, 3, NULL),
(739, 13, 3, 13, 3, NULL),
(740, 13, 3, 14, 3, NULL),
(741, 13, 3, 15, 3, NULL),
(742, 13, 3, 16, 3, NULL),
(743, 13, 4, 3, 3, NULL),
(744, 13, 4, 5, 3, NULL),
(745, 13, 4, 7, 3, NULL),
(746, 13, 4, 9, 3, NULL),
(747, 13, 4, 10, 3, NULL),
(748, 13, 4, 11, 3, NULL),
(749, 13, 4, 12, 3, NULL),
(750, 13, 4, 13, 3, NULL),
(751, 13, 4, 14, 3, NULL),
(752, 13, 4, 15, 3, NULL),
(753, 13, 4, 16, 3, NULL),
(754, 13, 5, 3, 3, NULL),
(755, 13, 5, 5, 3, NULL),
(756, 13, 5, 7, 3, NULL),
(757, 13, 5, 9, 3, NULL),
(758, 13, 5, 10, 3, NULL),
(759, 13, 5, 11, 3, NULL),
(760, 13, 5, 12, 3, NULL),
(761, 13, 5, 13, 3, NULL),
(762, 13, 5, 14, 3, NULL),
(763, 13, 5, 15, 3, NULL),
(764, 13, 5, 16, 3, NULL),
(765, 13, 6, 3, 3, NULL),
(766, 13, 6, 5, 3, NULL),
(767, 13, 6, 7, 3, NULL),
(768, 13, 6, 9, 3, NULL),
(769, 13, 6, 10, 3, NULL),
(770, 13, 6, 11, 3, NULL),
(771, 13, 6, 12, 3, NULL),
(772, 13, 6, 13, 3, NULL),
(773, 13, 6, 14, 3, NULL),
(774, 13, 6, 15, 3, NULL),
(775, 13, 6, 16, 3, NULL),
(776, 13, 7, 3, 3, NULL),
(777, 13, 7, 5, 3, NULL),
(778, 13, 7, 7, 3, NULL),
(779, 13, 7, 9, 3, NULL),
(780, 13, 7, 10, 3, NULL),
(781, 13, 7, 11, 3, NULL),
(782, 13, 7, 12, 3, NULL),
(783, 13, 7, 13, 3, NULL),
(784, 13, 7, 14, 3, NULL),
(785, 13, 7, 15, 3, NULL),
(786, 13, 7, 16, 3, NULL),
(787, 13, 8, 3, 3, NULL),
(788, 13, 8, 5, 3, NULL),
(789, 13, 8, 7, 3, NULL),
(790, 13, 8, 9, 3, NULL),
(791, 13, 8, 10, 3, NULL),
(792, 13, 8, 11, 3, NULL),
(793, 13, 8, 12, 3, NULL),
(794, 13, 8, 13, 3, NULL),
(795, 13, 8, 14, 3, NULL),
(796, 13, 8, 15, 3, NULL),
(797, 13, 8, 16, 3, NULL),
(798, 13, 9, 3, 3, NULL),
(799, 13, 9, 5, 3, NULL),
(800, 13, 9, 7, 3, NULL),
(801, 13, 9, 9, 3, NULL),
(802, 13, 9, 10, 3, NULL),
(803, 13, 9, 11, 3, NULL),
(804, 13, 9, 12, 3, NULL),
(805, 13, 9, 13, 3, NULL),
(806, 13, 9, 14, 3, NULL),
(807, 13, 9, 15, 3, NULL),
(808, 13, 9, 16, 3, NULL),
(809, 13, 10, 3, 3, NULL),
(810, 13, 10, 5, 3, NULL),
(811, 13, 10, 7, 3, NULL),
(812, 13, 10, 9, 3, NULL),
(813, 13, 10, 10, 3, NULL),
(814, 13, 10, 11, 3, NULL),
(815, 13, 10, 12, 3, NULL),
(816, 13, 10, 13, 3, NULL),
(817, 13, 10, 14, 3, NULL),
(818, 13, 10, 15, 3, NULL),
(819, 13, 10, 16, 3, NULL),
(820, 13, 11, 3, 3, NULL),
(821, 13, 11, 5, 3, NULL),
(822, 13, 11, 7, 3, NULL),
(823, 13, 11, 9, 3, NULL),
(824, 13, 11, 10, 3, NULL),
(825, 13, 11, 11, 3, NULL),
(826, 13, 11, 12, 3, NULL),
(827, 13, 11, 13, 3, NULL),
(828, 13, 11, 14, 3, NULL),
(829, 13, 11, 15, 3, NULL),
(830, 13, 11, 16, 3, NULL),
(831, 13, 12, 3, 3, NULL),
(832, 13, 12, 5, 3, NULL),
(833, 13, 12, 7, 3, NULL),
(834, 13, 12, 9, 3, NULL),
(835, 13, 12, 10, 3, NULL),
(836, 13, 12, 11, 3, NULL),
(837, 13, 12, 12, 3, NULL),
(838, 13, 12, 13, 3, NULL),
(839, 13, 12, 14, 3, NULL),
(840, 13, 12, 15, 3, NULL),
(841, 13, 12, 16, 3, NULL),
(842, 13, 13, 3, 3, NULL),
(843, 13, 13, 5, 3, NULL),
(844, 13, 13, 7, 3, NULL),
(845, 13, 13, 9, 3, NULL),
(846, 13, 13, 10, 3, NULL),
(847, 13, 13, 11, 3, NULL),
(848, 13, 13, 12, 3, NULL),
(849, 13, 13, 13, 3, NULL),
(850, 13, 13, 14, 3, NULL),
(851, 13, 13, 15, 3, NULL),
(852, 13, 13, 16, 3, NULL),
(853, 13, 1, 3, 4, NULL),
(854, 13, 1, 5, 4, NULL),
(855, 13, 1, 7, 4, NULL),
(856, 13, 1, 9, 4, NULL),
(857, 13, 1, 10, 4, NULL),
(858, 13, 1, 11, 4, NULL),
(859, 13, 1, 12, 4, NULL),
(860, 13, 1, 13, 4, NULL),
(861, 13, 1, 14, 4, NULL),
(862, 13, 1, 15, 4, NULL),
(863, 13, 1, 16, 4, NULL),
(864, 13, 2, 3, 4, NULL),
(865, 13, 2, 5, 4, NULL),
(866, 13, 2, 7, 4, NULL),
(867, 13, 2, 9, 4, NULL),
(868, 13, 2, 10, 4, NULL),
(869, 13, 2, 11, 4, NULL),
(870, 13, 2, 12, 4, NULL),
(871, 13, 2, 13, 4, NULL),
(872, 13, 2, 14, 4, NULL),
(873, 13, 2, 15, 4, NULL),
(874, 13, 2, 16, 4, NULL),
(875, 13, 3, 3, 4, NULL),
(876, 13, 3, 5, 4, NULL),
(877, 13, 3, 7, 4, NULL),
(878, 13, 3, 9, 4, NULL),
(879, 13, 3, 10, 4, NULL),
(880, 13, 3, 11, 4, NULL),
(881, 13, 3, 12, 4, NULL),
(882, 13, 3, 13, 4, NULL),
(883, 13, 3, 14, 4, NULL),
(884, 13, 3, 15, 4, NULL),
(885, 13, 3, 16, 4, NULL),
(886, 13, 4, 3, 4, NULL),
(887, 13, 4, 5, 4, NULL),
(888, 13, 4, 7, 4, NULL),
(889, 13, 4, 9, 4, NULL),
(890, 13, 4, 10, 4, NULL),
(891, 13, 4, 11, 4, NULL),
(892, 13, 4, 12, 4, NULL),
(893, 13, 4, 13, 4, NULL),
(894, 13, 4, 14, 4, NULL),
(895, 13, 4, 15, 4, NULL),
(896, 13, 4, 16, 4, NULL),
(897, 13, 5, 3, 4, NULL),
(898, 13, 5, 5, 4, NULL),
(899, 13, 5, 7, 4, NULL),
(900, 13, 5, 9, 4, NULL),
(901, 13, 5, 10, 4, NULL),
(902, 13, 5, 11, 4, NULL),
(903, 13, 5, 12, 4, NULL),
(904, 13, 5, 13, 4, NULL),
(905, 13, 5, 14, 4, NULL),
(906, 13, 5, 15, 4, NULL),
(907, 13, 5, 16, 4, NULL),
(908, 13, 6, 3, 4, NULL),
(909, 13, 6, 5, 4, NULL),
(910, 13, 6, 7, 4, NULL),
(911, 13, 6, 9, 4, NULL),
(912, 13, 6, 10, 4, NULL),
(913, 13, 6, 11, 4, NULL),
(914, 13, 6, 12, 4, NULL),
(915, 13, 6, 13, 4, NULL),
(916, 13, 6, 14, 4, NULL),
(917, 13, 6, 15, 4, NULL),
(918, 13, 6, 16, 4, NULL),
(919, 13, 7, 3, 4, NULL),
(920, 13, 7, 5, 4, NULL),
(921, 13, 7, 7, 4, NULL),
(922, 13, 7, 9, 4, NULL),
(923, 13, 7, 10, 4, NULL),
(924, 13, 7, 11, 4, NULL),
(925, 13, 7, 12, 4, NULL),
(926, 13, 7, 13, 4, NULL),
(927, 13, 7, 14, 4, NULL),
(928, 13, 7, 15, 4, NULL),
(929, 13, 7, 16, 4, NULL),
(930, 13, 8, 3, 4, NULL),
(931, 13, 8, 5, 4, NULL),
(932, 13, 8, 7, 4, NULL),
(933, 13, 8, 9, 4, NULL),
(934, 13, 8, 10, 4, NULL),
(935, 13, 8, 11, 4, NULL),
(936, 13, 8, 12, 4, NULL),
(937, 13, 8, 13, 4, NULL),
(938, 13, 8, 14, 4, NULL),
(939, 13, 8, 15, 4, NULL),
(940, 13, 8, 16, 4, NULL),
(941, 13, 9, 3, 4, NULL),
(942, 13, 9, 5, 4, NULL),
(943, 13, 9, 7, 4, NULL),
(944, 13, 9, 9, 4, NULL),
(945, 13, 9, 10, 4, NULL),
(946, 13, 9, 11, 4, NULL),
(947, 13, 9, 12, 4, NULL),
(948, 13, 9, 13, 4, NULL),
(949, 13, 9, 14, 4, NULL),
(950, 13, 9, 15, 4, NULL),
(951, 13, 9, 16, 4, NULL),
(952, 13, 10, 3, 4, NULL),
(953, 13, 10, 5, 4, NULL),
(954, 13, 10, 7, 4, NULL),
(955, 13, 10, 9, 4, NULL),
(956, 13, 10, 10, 4, NULL),
(957, 13, 10, 11, 4, NULL),
(958, 13, 10, 12, 4, NULL),
(959, 13, 10, 13, 4, NULL),
(960, 13, 10, 14, 4, NULL),
(961, 13, 10, 15, 4, NULL),
(962, 13, 10, 16, 4, NULL),
(963, 13, 11, 3, 4, NULL),
(964, 13, 11, 5, 4, NULL),
(965, 13, 11, 7, 4, NULL),
(966, 13, 11, 9, 4, NULL),
(967, 13, 11, 10, 4, NULL),
(968, 13, 11, 11, 4, NULL),
(969, 13, 11, 12, 4, NULL),
(970, 13, 11, 13, 4, NULL),
(971, 13, 11, 14, 4, NULL),
(972, 13, 11, 15, 4, NULL),
(973, 13, 11, 16, 4, NULL),
(974, 13, 12, 3, 4, NULL),
(975, 13, 12, 5, 4, NULL),
(976, 13, 12, 7, 4, NULL),
(977, 13, 12, 9, 4, NULL),
(978, 13, 12, 10, 4, NULL),
(979, 13, 12, 11, 4, NULL),
(980, 13, 12, 12, 4, NULL),
(981, 13, 12, 13, 4, NULL),
(982, 13, 12, 14, 4, NULL),
(983, 13, 12, 15, 4, NULL),
(984, 13, 12, 16, 4, NULL),
(985, 13, 13, 3, 4, NULL),
(986, 13, 13, 5, 4, NULL),
(987, 13, 13, 7, 4, NULL),
(988, 13, 13, 9, 4, NULL),
(989, 13, 13, 10, 4, NULL),
(990, 13, 13, 11, 4, NULL),
(991, 13, 13, 12, 4, NULL),
(992, 13, 13, 13, 4, NULL),
(993, 13, 13, 14, 4, NULL),
(994, 13, 13, 15, 4, NULL),
(995, 13, 13, 16, 4, NULL),
(996, 13, 1, 3, 5, NULL),
(997, 13, 1, 5, 5, NULL),
(998, 13, 1, 7, 5, NULL),
(999, 13, 1, 9, 5, NULL),
(1000, 13, 1, 10, 5, NULL),
(1001, 13, 1, 11, 5, NULL),
(1002, 13, 1, 12, 5, NULL),
(1003, 13, 1, 13, 5, NULL),
(1004, 13, 1, 14, 5, NULL),
(1005, 13, 1, 15, 5, NULL),
(1006, 13, 1, 16, 5, NULL),
(1007, 13, 2, 3, 5, NULL),
(1008, 13, 2, 5, 5, NULL),
(1009, 13, 2, 7, 5, NULL),
(1010, 13, 2, 9, 5, NULL),
(1011, 13, 2, 10, 5, NULL),
(1012, 13, 2, 11, 5, NULL),
(1013, 13, 2, 12, 5, NULL),
(1014, 13, 2, 13, 5, NULL),
(1015, 13, 2, 14, 5, NULL),
(1016, 13, 2, 15, 5, NULL),
(1017, 13, 2, 16, 5, NULL),
(1018, 13, 3, 3, 5, NULL),
(1019, 13, 3, 5, 5, NULL),
(1020, 13, 3, 7, 5, NULL),
(1021, 13, 3, 9, 5, NULL),
(1022, 13, 3, 10, 5, NULL),
(1023, 13, 3, 11, 5, NULL),
(1024, 13, 3, 12, 5, NULL),
(1025, 13, 3, 13, 5, NULL),
(1026, 13, 3, 14, 5, NULL),
(1027, 13, 3, 15, 5, NULL),
(1028, 13, 3, 16, 5, NULL),
(1029, 13, 4, 3, 5, NULL),
(1030, 13, 4, 5, 5, NULL),
(1031, 13, 4, 7, 5, NULL),
(1032, 13, 4, 9, 5, NULL),
(1033, 13, 4, 10, 5, NULL),
(1034, 13, 4, 11, 5, NULL),
(1035, 13, 4, 12, 5, NULL),
(1036, 13, 4, 13, 5, NULL),
(1037, 13, 4, 14, 5, NULL),
(1038, 13, 4, 15, 5, NULL),
(1039, 13, 4, 16, 5, NULL),
(1040, 13, 5, 3, 5, NULL),
(1041, 13, 5, 5, 5, NULL),
(1042, 13, 5, 7, 5, NULL),
(1043, 13, 5, 9, 5, NULL),
(1044, 13, 5, 10, 5, NULL),
(1045, 13, 5, 11, 5, NULL),
(1046, 13, 5, 12, 5, NULL),
(1047, 13, 5, 13, 5, NULL),
(1048, 13, 5, 14, 5, NULL),
(1049, 13, 5, 15, 5, NULL),
(1050, 13, 5, 16, 5, NULL),
(1051, 13, 6, 3, 5, NULL),
(1052, 13, 6, 5, 5, NULL),
(1053, 13, 6, 7, 5, NULL),
(1054, 13, 6, 9, 5, NULL),
(1055, 13, 6, 10, 5, NULL),
(1056, 13, 6, 11, 5, NULL),
(1057, 13, 6, 12, 5, NULL),
(1058, 13, 6, 13, 5, NULL),
(1059, 13, 6, 14, 5, NULL),
(1060, 13, 6, 15, 5, NULL),
(1061, 13, 6, 16, 5, NULL),
(1062, 13, 7, 3, 5, NULL),
(1063, 13, 7, 5, 5, NULL),
(1064, 13, 7, 7, 5, NULL),
(1065, 13, 7, 9, 5, NULL),
(1066, 13, 7, 10, 5, NULL),
(1067, 13, 7, 11, 5, NULL),
(1068, 13, 7, 12, 5, NULL),
(1069, 13, 7, 13, 5, NULL),
(1070, 13, 7, 14, 5, NULL),
(1071, 13, 7, 15, 5, NULL),
(1072, 13, 7, 16, 5, NULL),
(1073, 13, 8, 3, 5, NULL),
(1074, 13, 8, 5, 5, NULL),
(1075, 13, 8, 7, 5, NULL),
(1076, 13, 8, 9, 5, NULL),
(1077, 13, 8, 10, 5, NULL),
(1078, 13, 8, 11, 5, NULL),
(1079, 13, 8, 12, 5, NULL),
(1080, 13, 8, 13, 5, NULL),
(1081, 13, 8, 14, 5, NULL),
(1082, 13, 8, 15, 5, NULL),
(1083, 13, 8, 16, 5, NULL),
(1084, 13, 9, 3, 5, NULL),
(1085, 13, 9, 5, 5, NULL),
(1086, 13, 9, 7, 5, NULL),
(1087, 13, 9, 9, 5, NULL),
(1088, 13, 9, 10, 5, NULL),
(1089, 13, 9, 11, 5, NULL),
(1090, 13, 9, 12, 5, NULL),
(1091, 13, 9, 13, 5, NULL),
(1092, 13, 9, 14, 5, NULL),
(1093, 13, 9, 15, 5, NULL),
(1094, 13, 9, 16, 5, NULL),
(1095, 13, 10, 3, 5, NULL),
(1096, 13, 10, 5, 5, NULL),
(1097, 13, 10, 7, 5, NULL),
(1098, 13, 10, 9, 5, NULL),
(1099, 13, 10, 10, 5, NULL),
(1100, 13, 10, 11, 5, NULL),
(1101, 13, 10, 12, 5, NULL),
(1102, 13, 10, 13, 5, NULL),
(1103, 13, 10, 14, 5, NULL),
(1104, 13, 10, 15, 5, NULL),
(1105, 13, 10, 16, 5, NULL),
(1106, 13, 11, 3, 5, NULL),
(1107, 13, 11, 5, 5, NULL),
(1108, 13, 11, 7, 5, NULL),
(1109, 13, 11, 9, 5, NULL),
(1110, 13, 11, 10, 5, NULL),
(1111, 13, 11, 11, 5, NULL),
(1112, 13, 11, 12, 5, NULL),
(1113, 13, 11, 13, 5, NULL),
(1114, 13, 11, 14, 5, NULL),
(1115, 13, 11, 15, 5, NULL),
(1116, 13, 11, 16, 5, NULL),
(1117, 13, 12, 3, 5, NULL),
(1118, 13, 12, 5, 5, NULL),
(1119, 13, 12, 7, 5, NULL),
(1120, 13, 12, 9, 5, NULL),
(1121, 13, 12, 10, 5, NULL),
(1122, 13, 12, 11, 5, NULL),
(1123, 13, 12, 12, 5, NULL),
(1124, 13, 12, 13, 5, NULL),
(1125, 13, 12, 14, 5, NULL),
(1126, 13, 12, 15, 5, NULL),
(1127, 13, 12, 16, 5, NULL),
(1128, 13, 13, 3, 5, NULL),
(1129, 13, 13, 5, 5, NULL),
(1130, 13, 13, 7, 5, NULL),
(1131, 13, 13, 9, 5, NULL),
(1132, 13, 13, 10, 5, NULL),
(1133, 13, 13, 11, 5, NULL),
(1134, 13, 13, 12, 5, NULL),
(1135, 13, 13, 13, 5, NULL),
(1136, 13, 13, 14, 5, NULL),
(1137, 13, 13, 15, 5, NULL),
(1138, 13, 13, 16, 5, NULL),
(1139, 13, 1, 3, 6, NULL),
(1140, 13, 1, 5, 6, NULL),
(1141, 13, 1, 7, 6, NULL),
(1142, 13, 1, 9, 6, NULL),
(1143, 13, 1, 10, 6, NULL),
(1144, 13, 1, 11, 6, NULL),
(1145, 13, 1, 12, 6, NULL),
(1146, 13, 1, 13, 6, NULL),
(1147, 13, 1, 14, 6, NULL),
(1148, 13, 1, 15, 6, NULL),
(1149, 13, 1, 16, 6, NULL),
(1150, 13, 2, 3, 6, NULL),
(1151, 13, 2, 5, 6, NULL),
(1152, 13, 2, 7, 6, NULL),
(1153, 13, 2, 9, 6, NULL),
(1154, 13, 2, 10, 6, NULL),
(1155, 13, 2, 11, 6, NULL),
(1156, 13, 2, 12, 6, NULL),
(1157, 13, 2, 13, 6, NULL),
(1158, 13, 2, 14, 6, NULL),
(1159, 13, 2, 15, 6, NULL),
(1160, 13, 2, 16, 6, NULL),
(1161, 13, 3, 3, 6, NULL),
(1162, 13, 3, 5, 6, NULL),
(1163, 13, 3, 7, 6, NULL),
(1164, 13, 3, 9, 6, NULL),
(1165, 13, 3, 10, 6, NULL),
(1166, 13, 3, 11, 6, NULL),
(1167, 13, 3, 12, 6, NULL),
(1168, 13, 3, 13, 6, NULL),
(1169, 13, 3, 14, 6, NULL),
(1170, 13, 3, 15, 6, NULL),
(1171, 13, 3, 16, 6, NULL),
(1172, 13, 4, 3, 6, NULL),
(1173, 13, 4, 5, 6, NULL),
(1174, 13, 4, 7, 6, NULL),
(1175, 13, 4, 9, 6, NULL),
(1176, 13, 4, 10, 6, NULL),
(1177, 13, 4, 11, 6, NULL),
(1178, 13, 4, 12, 6, NULL),
(1179, 13, 4, 13, 6, NULL),
(1180, 13, 4, 14, 6, NULL),
(1181, 13, 4, 15, 6, NULL),
(1182, 13, 4, 16, 6, NULL),
(1183, 13, 5, 3, 6, NULL),
(1184, 13, 5, 5, 6, NULL),
(1185, 13, 5, 7, 6, NULL),
(1186, 13, 5, 9, 6, NULL),
(1187, 13, 5, 10, 6, NULL),
(1188, 13, 5, 11, 6, NULL),
(1189, 13, 5, 12, 6, NULL),
(1190, 13, 5, 13, 6, NULL),
(1191, 13, 5, 14, 6, NULL),
(1192, 13, 5, 15, 6, NULL),
(1193, 13, 5, 16, 6, NULL),
(1194, 13, 6, 3, 6, NULL),
(1195, 13, 6, 5, 6, NULL),
(1196, 13, 6, 7, 6, NULL),
(1197, 13, 6, 9, 6, NULL),
(1198, 13, 6, 10, 6, NULL),
(1199, 13, 6, 11, 6, NULL),
(1200, 13, 6, 12, 6, NULL),
(1201, 13, 6, 13, 6, NULL),
(1202, 13, 6, 14, 6, NULL),
(1203, 13, 6, 15, 6, NULL),
(1204, 13, 6, 16, 6, NULL),
(1205, 13, 7, 3, 6, NULL),
(1206, 13, 7, 5, 6, NULL),
(1207, 13, 7, 7, 6, NULL),
(1208, 13, 7, 9, 6, NULL),
(1209, 13, 7, 10, 6, NULL),
(1210, 13, 7, 11, 6, NULL),
(1211, 13, 7, 12, 6, NULL),
(1212, 13, 7, 13, 6, NULL),
(1213, 13, 7, 14, 6, NULL),
(1214, 13, 7, 15, 6, NULL),
(1215, 13, 7, 16, 6, NULL),
(1216, 13, 8, 3, 6, NULL),
(1217, 13, 8, 5, 6, NULL),
(1218, 13, 8, 7, 6, NULL),
(1219, 13, 8, 9, 6, NULL),
(1220, 13, 8, 10, 6, NULL),
(1221, 13, 8, 11, 6, NULL),
(1222, 13, 8, 12, 6, NULL),
(1223, 13, 8, 13, 6, NULL),
(1224, 13, 8, 14, 6, NULL),
(1225, 13, 8, 15, 6, NULL),
(1226, 13, 8, 16, 6, NULL),
(1227, 13, 9, 3, 6, NULL),
(1228, 13, 9, 5, 6, NULL),
(1229, 13, 9, 7, 6, NULL),
(1230, 13, 9, 9, 6, NULL),
(1231, 13, 9, 10, 6, NULL),
(1232, 13, 9, 11, 6, NULL),
(1233, 13, 9, 12, 6, NULL),
(1234, 13, 9, 13, 6, NULL),
(1235, 13, 9, 14, 6, NULL),
(1236, 13, 9, 15, 6, NULL),
(1237, 13, 9, 16, 6, NULL),
(1238, 13, 10, 3, 6, NULL),
(1239, 13, 10, 5, 6, NULL),
(1240, 13, 10, 7, 6, NULL),
(1241, 13, 10, 9, 6, NULL),
(1242, 13, 10, 10, 6, NULL),
(1243, 13, 10, 11, 6, NULL),
(1244, 13, 10, 12, 6, NULL),
(1245, 13, 10, 13, 6, NULL),
(1246, 13, 10, 14, 6, NULL),
(1247, 13, 10, 15, 6, NULL),
(1248, 13, 10, 16, 6, NULL),
(1249, 13, 11, 3, 6, NULL),
(1250, 13, 11, 5, 6, NULL),
(1251, 13, 11, 7, 6, NULL),
(1252, 13, 11, 9, 6, NULL),
(1253, 13, 11, 10, 6, NULL),
(1254, 13, 11, 11, 6, NULL),
(1255, 13, 11, 12, 6, NULL),
(1256, 13, 11, 13, 6, NULL),
(1257, 13, 11, 14, 6, NULL),
(1258, 13, 11, 15, 6, NULL),
(1259, 13, 11, 16, 6, NULL),
(1260, 13, 12, 3, 6, NULL),
(1261, 13, 12, 5, 6, NULL),
(1262, 13, 12, 7, 6, NULL),
(1263, 13, 12, 9, 6, NULL),
(1264, 13, 12, 10, 6, NULL),
(1265, 13, 12, 11, 6, NULL),
(1266, 13, 12, 12, 6, NULL),
(1267, 13, 12, 13, 6, NULL),
(1268, 13, 12, 14, 6, NULL),
(1269, 13, 12, 15, 6, NULL),
(1270, 13, 12, 16, 6, NULL),
(1271, 13, 13, 3, 6, NULL),
(1272, 13, 13, 5, 6, NULL),
(1273, 13, 13, 7, 6, NULL),
(1274, 13, 13, 9, 6, NULL),
(1275, 13, 13, 10, 6, NULL),
(1276, 13, 13, 11, 6, NULL),
(1277, 13, 13, 12, 6, NULL),
(1278, 13, 13, 13, 6, NULL),
(1279, 13, 13, 14, 6, NULL),
(1280, 13, 13, 15, 6, NULL),
(1281, 13, 13, 16, 6, NULL),
(1282, 14, 1, 1, 1, NULL),
(1283, 14, 1, 3, 1, NULL),
(1284, 14, 1, 5, 1, NULL),
(1285, 14, 1, 7, 1, NULL),
(1286, 14, 1, 9, 1, NULL),
(1287, 14, 1, 10, 1, NULL),
(1288, 14, 1, 11, 1, NULL),
(1289, 14, 1, 12, 1, NULL),
(1290, 14, 1, 13, 1, NULL),
(1291, 14, 1, 14, 1, NULL),
(1292, 14, 1, 15, 1, NULL),
(1293, 14, 2, 1, 1, NULL),
(1294, 14, 2, 3, 1, NULL),
(1295, 14, 2, 5, 1, NULL),
(1296, 14, 2, 7, 1, NULL),
(1297, 14, 2, 9, 1, NULL),
(1298, 14, 2, 10, 1, NULL),
(1299, 14, 2, 11, 1, NULL),
(1300, 14, 2, 12, 1, NULL),
(1301, 14, 2, 13, 1, NULL),
(1302, 14, 2, 14, 1, NULL),
(1303, 14, 2, 15, 1, NULL),
(1304, 14, 3, 1, 1, NULL),
(1305, 14, 3, 3, 1, NULL),
(1306, 14, 3, 5, 1, NULL),
(1307, 14, 3, 7, 1, NULL),
(1308, 14, 3, 9, 1, NULL),
(1309, 14, 3, 10, 1, NULL),
(1310, 14, 3, 11, 1, NULL),
(1311, 14, 3, 12, 1, NULL),
(1312, 14, 3, 13, 1, NULL),
(1313, 14, 3, 14, 1, NULL),
(1314, 14, 3, 15, 1, NULL),
(1315, 14, 4, 1, 1, NULL),
(1316, 14, 4, 3, 1, NULL),
(1317, 14, 4, 5, 1, NULL),
(1318, 14, 4, 7, 1, NULL),
(1319, 14, 4, 9, 1, NULL),
(1320, 14, 4, 10, 1, NULL),
(1321, 14, 4, 11, 1, NULL),
(1322, 14, 4, 12, 1, NULL),
(1323, 14, 4, 13, 1, NULL),
(1324, 14, 4, 14, 1, NULL),
(1325, 14, 4, 15, 1, NULL),
(1326, 14, 5, 1, 1, NULL),
(1327, 14, 5, 3, 1, NULL),
(1328, 14, 5, 5, 1, NULL),
(1329, 14, 5, 7, 1, NULL),
(1330, 14, 5, 9, 1, NULL),
(1331, 14, 5, 10, 1, NULL),
(1332, 14, 5, 11, 1, NULL),
(1333, 14, 5, 12, 1, NULL),
(1334, 14, 5, 13, 1, NULL),
(1335, 14, 5, 14, 1, NULL),
(1336, 14, 5, 15, 1, NULL),
(1337, 14, 6, 1, 1, NULL),
(1338, 14, 6, 3, 1, NULL),
(1339, 14, 6, 5, 1, NULL),
(1340, 14, 6, 7, 1, NULL),
(1341, 14, 6, 9, 1, NULL),
(1342, 14, 6, 10, 1, NULL),
(1343, 14, 6, 11, 1, NULL),
(1344, 14, 6, 12, 1, NULL),
(1345, 14, 6, 13, 1, NULL),
(1346, 14, 6, 14, 1, NULL),
(1347, 14, 6, 15, 1, NULL),
(1348, 14, 7, 1, 1, NULL),
(1349, 14, 7, 3, 1, NULL),
(1350, 14, 7, 5, 1, NULL),
(1351, 14, 7, 7, 1, NULL),
(1352, 14, 7, 9, 1, NULL),
(1353, 14, 7, 10, 1, NULL),
(1354, 14, 7, 11, 1, NULL),
(1355, 14, 7, 12, 1, NULL),
(1356, 14, 7, 13, 1, NULL),
(1357, 14, 7, 14, 1, NULL),
(1358, 14, 7, 15, 1, NULL),
(1359, 14, 8, 1, 1, NULL),
(1360, 14, 8, 3, 1, NULL),
(1361, 14, 8, 5, 1, NULL),
(1362, 14, 8, 7, 1, NULL),
(1363, 14, 8, 9, 1, NULL),
(1364, 14, 8, 10, 1, NULL),
(1365, 14, 8, 11, 1, NULL),
(1366, 14, 8, 12, 1, NULL),
(1367, 14, 8, 13, 1, NULL),
(1368, 14, 8, 14, 1, NULL),
(1369, 14, 8, 15, 1, NULL),
(1370, 14, 9, 1, 1, NULL),
(1371, 14, 9, 3, 1, NULL),
(1372, 14, 9, 5, 1, NULL),
(1373, 14, 9, 7, 1, NULL),
(1374, 14, 9, 9, 1, NULL),
(1375, 14, 9, 10, 1, NULL),
(1376, 14, 9, 11, 1, NULL),
(1377, 14, 9, 12, 1, NULL),
(1378, 14, 9, 13, 1, NULL),
(1379, 14, 9, 14, 1, NULL),
(1380, 14, 9, 15, 1, NULL),
(1381, 14, 10, 1, 1, NULL),
(1382, 14, 10, 3, 1, NULL),
(1383, 14, 10, 5, 1, NULL),
(1384, 14, 10, 7, 1, NULL),
(1385, 14, 10, 9, 1, NULL),
(1386, 14, 10, 10, 1, NULL),
(1387, 14, 10, 11, 1, NULL),
(1388, 14, 10, 12, 1, NULL),
(1389, 14, 10, 13, 1, NULL),
(1390, 14, 10, 14, 1, NULL),
(1391, 14, 10, 15, 1, NULL),
(1392, 14, 11, 1, 1, NULL),
(1393, 14, 11, 3, 1, NULL),
(1394, 14, 11, 5, 1, NULL),
(1395, 14, 11, 7, 1, NULL),
(1396, 14, 11, 9, 1, NULL),
(1397, 14, 11, 10, 1, NULL),
(1398, 14, 11, 11, 1, NULL),
(1399, 14, 11, 12, 1, NULL),
(1400, 14, 11, 13, 1, NULL),
(1401, 14, 11, 14, 1, NULL),
(1402, 14, 11, 15, 1, NULL),
(1403, 14, 12, 1, 1, NULL),
(1404, 14, 12, 3, 1, NULL),
(1405, 14, 12, 5, 1, NULL),
(1406, 14, 12, 7, 1, NULL),
(1407, 14, 12, 9, 1, NULL),
(1408, 14, 12, 10, 1, NULL),
(1409, 14, 12, 11, 1, NULL),
(1410, 14, 12, 12, 1, NULL),
(1411, 14, 12, 13, 1, NULL),
(1412, 14, 12, 14, 1, NULL),
(1413, 14, 12, 15, 1, NULL),
(1414, 14, 13, 1, 1, NULL),
(1415, 14, 13, 3, 1, NULL),
(1416, 14, 13, 5, 1, NULL),
(1417, 14, 13, 7, 1, NULL),
(1418, 14, 13, 9, 1, NULL),
(1419, 14, 13, 10, 1, NULL),
(1420, 14, 13, 11, 1, NULL),
(1421, 14, 13, 12, 1, NULL),
(1422, 14, 13, 13, 1, NULL),
(1423, 14, 13, 14, 1, NULL),
(1424, 14, 13, 15, 1, NULL),
(1425, 14, 1, 1, 2, NULL),
(1426, 14, 1, 3, 2, NULL),
(1427, 14, 1, 5, 2, NULL),
(1428, 14, 1, 7, 2, NULL),
(1429, 14, 1, 9, 2, NULL),
(1430, 14, 1, 10, 2, NULL),
(1431, 14, 1, 11, 2, NULL),
(1432, 14, 1, 12, 2, NULL),
(1433, 14, 1, 13, 2, NULL),
(1434, 14, 1, 14, 2, NULL),
(1435, 14, 1, 15, 2, NULL),
(1436, 14, 2, 1, 2, NULL),
(1437, 14, 2, 3, 2, NULL),
(1438, 14, 2, 5, 2, NULL),
(1439, 14, 2, 7, 2, NULL),
(1440, 14, 2, 9, 2, NULL),
(1441, 14, 2, 10, 2, NULL),
(1442, 14, 2, 11, 2, NULL),
(1443, 14, 2, 12, 2, NULL),
(1444, 14, 2, 13, 2, NULL),
(1445, 14, 2, 14, 2, NULL),
(1446, 14, 2, 15, 2, NULL),
(1447, 14, 3, 1, 2, NULL),
(1448, 14, 3, 3, 2, NULL),
(1449, 14, 3, 5, 2, NULL),
(1450, 14, 3, 7, 2, NULL),
(1451, 14, 3, 9, 2, NULL),
(1452, 14, 3, 10, 2, NULL),
(1453, 14, 3, 11, 2, NULL),
(1454, 14, 3, 12, 2, NULL),
(1455, 14, 3, 13, 2, NULL),
(1456, 14, 3, 14, 2, NULL),
(1457, 14, 3, 15, 2, NULL),
(1458, 14, 4, 1, 2, NULL),
(1459, 14, 4, 3, 2, NULL),
(1460, 14, 4, 5, 2, NULL),
(1461, 14, 4, 7, 2, NULL),
(1462, 14, 4, 9, 2, NULL),
(1463, 14, 4, 10, 2, NULL),
(1464, 14, 4, 11, 2, NULL),
(1465, 14, 4, 12, 2, NULL),
(1466, 14, 4, 13, 2, NULL),
(1467, 14, 4, 14, 2, NULL),
(1468, 14, 4, 15, 2, NULL),
(1469, 14, 5, 1, 2, NULL),
(1470, 14, 5, 3, 2, NULL),
(1471, 14, 5, 5, 2, NULL),
(1472, 14, 5, 7, 2, NULL),
(1473, 14, 5, 9, 2, NULL),
(1474, 14, 5, 10, 2, NULL),
(1475, 14, 5, 11, 2, NULL),
(1476, 14, 5, 12, 2, NULL),
(1477, 14, 5, 13, 2, NULL),
(1478, 14, 5, 14, 2, NULL),
(1479, 14, 5, 15, 2, NULL),
(1480, 14, 6, 1, 2, NULL),
(1481, 14, 6, 3, 2, NULL),
(1482, 14, 6, 5, 2, NULL),
(1483, 14, 6, 7, 2, NULL),
(1484, 14, 6, 9, 2, NULL),
(1485, 14, 6, 10, 2, NULL),
(1486, 14, 6, 11, 2, NULL),
(1487, 14, 6, 12, 2, NULL),
(1488, 14, 6, 13, 2, NULL),
(1489, 14, 6, 14, 2, NULL),
(1490, 14, 6, 15, 2, NULL),
(1491, 14, 7, 1, 2, NULL),
(1492, 14, 7, 3, 2, NULL),
(1493, 14, 7, 5, 2, NULL),
(1494, 14, 7, 7, 2, NULL),
(1495, 14, 7, 9, 2, NULL),
(1496, 14, 7, 10, 2, NULL),
(1497, 14, 7, 11, 2, NULL),
(1498, 14, 7, 12, 2, NULL),
(1499, 14, 7, 13, 2, NULL),
(1500, 14, 7, 14, 2, NULL),
(1501, 14, 7, 15, 2, NULL),
(1502, 14, 8, 1, 2, NULL),
(1503, 14, 8, 3, 2, NULL),
(1504, 14, 8, 5, 2, NULL),
(1505, 14, 8, 7, 2, NULL),
(1506, 14, 8, 9, 2, NULL),
(1507, 14, 8, 10, 2, NULL),
(1508, 14, 8, 11, 2, NULL),
(1509, 14, 8, 12, 2, NULL),
(1510, 14, 8, 13, 2, NULL),
(1511, 14, 8, 14, 2, NULL),
(1512, 14, 8, 15, 2, NULL),
(1513, 14, 9, 1, 2, NULL),
(1514, 14, 9, 3, 2, NULL),
(1515, 14, 9, 5, 2, NULL),
(1516, 14, 9, 7, 2, NULL),
(1517, 14, 9, 9, 2, NULL),
(1518, 14, 9, 10, 2, NULL),
(1519, 14, 9, 11, 2, NULL),
(1520, 14, 9, 12, 2, NULL),
(1521, 14, 9, 13, 2, NULL),
(1522, 14, 9, 14, 2, NULL),
(1523, 14, 9, 15, 2, NULL),
(1524, 14, 10, 1, 2, NULL),
(1525, 14, 10, 3, 2, NULL),
(1526, 14, 10, 5, 2, NULL),
(1527, 14, 10, 7, 2, NULL),
(1528, 14, 10, 9, 2, NULL),
(1529, 14, 10, 10, 2, NULL),
(1530, 14, 10, 11, 2, NULL),
(1531, 14, 10, 12, 2, NULL),
(1532, 14, 10, 13, 2, NULL),
(1533, 14, 10, 14, 2, NULL),
(1534, 14, 10, 15, 2, NULL),
(1535, 14, 11, 1, 2, NULL),
(1536, 14, 11, 3, 2, NULL),
(1537, 14, 11, 5, 2, NULL),
(1538, 14, 11, 7, 2, NULL),
(1539, 14, 11, 9, 2, NULL),
(1540, 14, 11, 10, 2, NULL),
(1541, 14, 11, 11, 2, NULL),
(1542, 14, 11, 12, 2, NULL),
(1543, 14, 11, 13, 2, NULL),
(1544, 14, 11, 14, 2, NULL),
(1545, 14, 11, 15, 2, NULL),
(1546, 14, 12, 1, 2, NULL),
(1547, 14, 12, 3, 2, NULL),
(1548, 14, 12, 5, 2, NULL),
(1549, 14, 12, 7, 2, NULL),
(1550, 14, 12, 9, 2, NULL),
(1551, 14, 12, 10, 2, NULL),
(1552, 14, 12, 11, 2, NULL),
(1553, 14, 12, 12, 2, NULL),
(1554, 14, 12, 13, 2, NULL),
(1555, 14, 12, 14, 2, NULL),
(1556, 14, 12, 15, 2, NULL),
(1557, 14, 13, 1, 2, NULL),
(1558, 14, 13, 3, 2, NULL),
(1559, 14, 13, 5, 2, NULL),
(1560, 14, 13, 7, 2, NULL),
(1561, 14, 13, 9, 2, NULL),
(1562, 14, 13, 10, 2, NULL),
(1563, 14, 13, 11, 2, NULL),
(1564, 14, 13, 12, 2, NULL),
(1565, 14, 13, 13, 2, NULL),
(1566, 14, 13, 14, 2, NULL),
(1567, 14, 13, 15, 2, NULL),
(1568, 14, 1, 1, 3, NULL),
(1569, 14, 1, 3, 3, NULL),
(1570, 14, 1, 5, 3, NULL),
(1571, 14, 1, 7, 3, NULL),
(1572, 14, 1, 9, 3, NULL),
(1573, 14, 1, 10, 3, NULL),
(1574, 14, 1, 11, 3, NULL),
(1575, 14, 1, 12, 3, NULL),
(1576, 14, 1, 13, 3, NULL),
(1577, 14, 1, 14, 3, NULL),
(1578, 14, 1, 15, 3, NULL),
(1579, 14, 2, 1, 3, NULL),
(1580, 14, 2, 3, 3, NULL),
(1581, 14, 2, 5, 3, NULL),
(1582, 14, 2, 7, 3, NULL),
(1583, 14, 2, 9, 3, NULL),
(1584, 14, 2, 10, 3, NULL),
(1585, 14, 2, 11, 3, NULL),
(1586, 14, 2, 12, 3, NULL),
(1587, 14, 2, 13, 3, NULL),
(1588, 14, 2, 14, 3, NULL),
(1589, 14, 2, 15, 3, NULL),
(1590, 14, 3, 1, 3, NULL),
(1591, 14, 3, 3, 3, NULL),
(1592, 14, 3, 5, 3, NULL),
(1593, 14, 3, 7, 3, NULL),
(1594, 14, 3, 9, 3, NULL),
(1595, 14, 3, 10, 3, NULL),
(1596, 14, 3, 11, 3, NULL),
(1597, 14, 3, 12, 3, NULL),
(1598, 14, 3, 13, 3, NULL),
(1599, 14, 3, 14, 3, NULL),
(1600, 14, 3, 15, 3, NULL),
(1601, 14, 4, 1, 3, NULL),
(1602, 14, 4, 3, 3, NULL),
(1603, 14, 4, 5, 3, NULL),
(1604, 14, 4, 7, 3, NULL),
(1605, 14, 4, 9, 3, NULL),
(1606, 14, 4, 10, 3, NULL),
(1607, 14, 4, 11, 3, NULL),
(1608, 14, 4, 12, 3, NULL),
(1609, 14, 4, 13, 3, NULL),
(1610, 14, 4, 14, 3, NULL),
(1611, 14, 4, 15, 3, NULL),
(1612, 14, 5, 1, 3, NULL),
(1613, 14, 5, 3, 3, NULL),
(1614, 14, 5, 5, 3, NULL),
(1615, 14, 5, 7, 3, NULL),
(1616, 14, 5, 9, 3, NULL),
(1617, 14, 5, 10, 3, NULL),
(1618, 14, 5, 11, 3, NULL),
(1619, 14, 5, 12, 3, NULL),
(1620, 14, 5, 13, 3, NULL),
(1621, 14, 5, 14, 3, NULL),
(1622, 14, 5, 15, 3, NULL),
(1623, 14, 6, 1, 3, NULL),
(1624, 14, 6, 3, 3, NULL),
(1625, 14, 6, 5, 3, NULL),
(1626, 14, 6, 7, 3, NULL),
(1627, 14, 6, 9, 3, NULL),
(1628, 14, 6, 10, 3, NULL),
(1629, 14, 6, 11, 3, NULL),
(1630, 14, 6, 12, 3, NULL),
(1631, 14, 6, 13, 3, NULL),
(1632, 14, 6, 14, 3, NULL),
(1633, 14, 6, 15, 3, NULL),
(1634, 14, 7, 1, 3, NULL),
(1635, 14, 7, 3, 3, NULL),
(1636, 14, 7, 5, 3, NULL),
(1637, 14, 7, 7, 3, NULL),
(1638, 14, 7, 9, 3, NULL),
(1639, 14, 7, 10, 3, NULL),
(1640, 14, 7, 11, 3, NULL),
(1641, 14, 7, 12, 3, NULL),
(1642, 14, 7, 13, 3, NULL),
(1643, 14, 7, 14, 3, NULL),
(1644, 14, 7, 15, 3, NULL),
(1645, 14, 8, 1, 3, NULL),
(1646, 14, 8, 3, 3, NULL),
(1647, 14, 8, 5, 3, NULL),
(1648, 14, 8, 7, 3, NULL),
(1649, 14, 8, 9, 3, NULL),
(1650, 14, 8, 10, 3, NULL),
(1651, 14, 8, 11, 3, NULL),
(1652, 14, 8, 12, 3, NULL),
(1653, 14, 8, 13, 3, NULL),
(1654, 14, 8, 14, 3, NULL),
(1655, 14, 8, 15, 3, NULL),
(1656, 14, 9, 1, 3, NULL),
(1657, 14, 9, 3, 3, NULL),
(1658, 14, 9, 5, 3, NULL),
(1659, 14, 9, 7, 3, NULL),
(1660, 14, 9, 9, 3, NULL),
(1661, 14, 9, 10, 3, NULL),
(1662, 14, 9, 11, 3, NULL),
(1663, 14, 9, 12, 3, NULL),
(1664, 14, 9, 13, 3, NULL),
(1665, 14, 9, 14, 3, NULL),
(1666, 14, 9, 15, 3, NULL),
(1667, 14, 10, 1, 3, NULL),
(1668, 14, 10, 3, 3, NULL),
(1669, 14, 10, 5, 3, NULL),
(1670, 14, 10, 7, 3, NULL),
(1671, 14, 10, 9, 3, NULL),
(1672, 14, 10, 10, 3, NULL),
(1673, 14, 10, 11, 3, NULL),
(1674, 14, 10, 12, 3, NULL),
(1675, 14, 10, 13, 3, NULL),
(1676, 14, 10, 14, 3, NULL),
(1677, 14, 10, 15, 3, NULL),
(1678, 14, 11, 1, 3, NULL),
(1679, 14, 11, 3, 3, NULL),
(1680, 14, 11, 5, 3, NULL),
(1681, 14, 11, 7, 3, NULL),
(1682, 14, 11, 9, 3, NULL),
(1683, 14, 11, 10, 3, NULL),
(1684, 14, 11, 11, 3, NULL),
(1685, 14, 11, 12, 3, NULL),
(1686, 14, 11, 13, 3, NULL),
(1687, 14, 11, 14, 3, NULL),
(1688, 14, 11, 15, 3, NULL),
(1689, 14, 12, 1, 3, NULL),
(1690, 14, 12, 3, 3, NULL),
(1691, 14, 12, 5, 3, NULL),
(1692, 14, 12, 7, 3, NULL),
(1693, 14, 12, 9, 3, NULL),
(1694, 14, 12, 10, 3, NULL),
(1695, 14, 12, 11, 3, NULL),
(1696, 14, 12, 12, 3, NULL),
(1697, 14, 12, 13, 3, NULL),
(1698, 14, 12, 14, 3, NULL),
(1699, 14, 12, 15, 3, NULL),
(1700, 14, 13, 1, 3, NULL),
(1701, 14, 13, 3, 3, NULL),
(1702, 14, 13, 5, 3, NULL),
(1703, 14, 13, 7, 3, NULL),
(1704, 14, 13, 9, 3, NULL),
(1705, 14, 13, 10, 3, NULL),
(1706, 14, 13, 11, 3, NULL),
(1707, 14, 13, 12, 3, NULL),
(1708, 14, 13, 13, 3, NULL),
(1709, 14, 13, 14, 3, NULL),
(1710, 14, 13, 15, 3, NULL),
(1711, 14, 1, 1, 4, NULL),
(1712, 14, 1, 3, 4, NULL),
(1713, 14, 1, 5, 4, NULL),
(1714, 14, 1, 7, 4, NULL),
(1715, 14, 1, 9, 4, NULL),
(1716, 14, 1, 10, 4, NULL),
(1717, 14, 1, 11, 4, NULL),
(1718, 14, 1, 12, 4, NULL),
(1719, 14, 1, 13, 4, NULL),
(1720, 14, 1, 14, 4, NULL),
(1721, 14, 1, 15, 4, NULL),
(1722, 14, 2, 1, 4, NULL),
(1723, 14, 2, 3, 4, NULL),
(1724, 14, 2, 5, 4, NULL),
(1725, 14, 2, 7, 4, NULL),
(1726, 14, 2, 9, 4, NULL),
(1727, 14, 2, 10, 4, NULL),
(1728, 14, 2, 11, 4, NULL),
(1729, 14, 2, 12, 4, NULL),
(1730, 14, 2, 13, 4, NULL),
(1731, 14, 2, 14, 4, NULL),
(1732, 14, 2, 15, 4, NULL),
(1733, 14, 3, 1, 4, NULL),
(1734, 14, 3, 3, 4, NULL),
(1735, 14, 3, 5, 4, NULL),
(1736, 14, 3, 7, 4, NULL),
(1737, 14, 3, 9, 4, NULL),
(1738, 14, 3, 10, 4, NULL),
(1739, 14, 3, 11, 4, NULL),
(1740, 14, 3, 12, 4, NULL),
(1741, 14, 3, 13, 4, NULL),
(1742, 14, 3, 14, 4, NULL),
(1743, 14, 3, 15, 4, NULL),
(1744, 14, 4, 1, 4, NULL),
(1745, 14, 4, 3, 4, NULL),
(1746, 14, 4, 5, 4, NULL),
(1747, 14, 4, 7, 4, NULL),
(1748, 14, 4, 9, 4, NULL),
(1749, 14, 4, 10, 4, NULL),
(1750, 14, 4, 11, 4, NULL),
(1751, 14, 4, 12, 4, NULL),
(1752, 14, 4, 13, 4, NULL),
(1753, 14, 4, 14, 4, NULL),
(1754, 14, 4, 15, 4, NULL),
(1755, 14, 5, 1, 4, NULL),
(1756, 14, 5, 3, 4, NULL),
(1757, 14, 5, 5, 4, NULL),
(1758, 14, 5, 7, 4, NULL),
(1759, 14, 5, 9, 4, NULL),
(1760, 14, 5, 10, 4, NULL),
(1761, 14, 5, 11, 4, NULL),
(1762, 14, 5, 12, 4, NULL),
(1763, 14, 5, 13, 4, NULL),
(1764, 14, 5, 14, 4, NULL),
(1765, 14, 5, 15, 4, NULL),
(1766, 14, 6, 1, 4, NULL),
(1767, 14, 6, 3, 4, NULL),
(1768, 14, 6, 5, 4, NULL),
(1769, 14, 6, 7, 4, NULL),
(1770, 14, 6, 9, 4, NULL),
(1771, 14, 6, 10, 4, NULL),
(1772, 14, 6, 11, 4, NULL),
(1773, 14, 6, 12, 4, NULL),
(1774, 14, 6, 13, 4, NULL),
(1775, 14, 6, 14, 4, NULL),
(1776, 14, 6, 15, 4, NULL),
(1777, 14, 7, 1, 4, NULL),
(1778, 14, 7, 3, 4, NULL),
(1779, 14, 7, 5, 4, NULL),
(1780, 14, 7, 7, 4, NULL),
(1781, 14, 7, 9, 4, NULL),
(1782, 14, 7, 10, 4, NULL),
(1783, 14, 7, 11, 4, NULL),
(1784, 14, 7, 12, 4, NULL),
(1785, 14, 7, 13, 4, NULL),
(1786, 14, 7, 14, 4, NULL),
(1787, 14, 7, 15, 4, NULL),
(1788, 14, 8, 1, 4, NULL),
(1789, 14, 8, 3, 4, NULL),
(1790, 14, 8, 5, 4, NULL),
(1791, 14, 8, 7, 4, NULL),
(1792, 14, 8, 9, 4, NULL),
(1793, 14, 8, 10, 4, NULL),
(1794, 14, 8, 11, 4, NULL),
(1795, 14, 8, 12, 4, NULL),
(1796, 14, 8, 13, 4, NULL),
(1797, 14, 8, 14, 4, NULL),
(1798, 14, 8, 15, 4, NULL),
(1799, 14, 9, 1, 4, NULL),
(1800, 14, 9, 3, 4, NULL),
(1801, 14, 9, 5, 4, NULL),
(1802, 14, 9, 7, 4, NULL),
(1803, 14, 9, 9, 4, NULL),
(1804, 14, 9, 10, 4, NULL),
(1805, 14, 9, 11, 4, NULL),
(1806, 14, 9, 12, 4, NULL),
(1807, 14, 9, 13, 4, NULL),
(1808, 14, 9, 14, 4, NULL),
(1809, 14, 9, 15, 4, NULL),
(1810, 14, 10, 1, 4, NULL),
(1811, 14, 10, 3, 4, NULL),
(1812, 14, 10, 5, 4, NULL),
(1813, 14, 10, 7, 4, NULL),
(1814, 14, 10, 9, 4, NULL),
(1815, 14, 10, 10, 4, NULL),
(1816, 14, 10, 11, 4, NULL),
(1817, 14, 10, 12, 4, NULL),
(1818, 14, 10, 13, 4, NULL),
(1819, 14, 10, 14, 4, NULL),
(1820, 14, 10, 15, 4, NULL),
(1821, 14, 11, 1, 4, NULL),
(1822, 14, 11, 3, 4, NULL),
(1823, 14, 11, 5, 4, NULL),
(1824, 14, 11, 7, 4, NULL),
(1825, 14, 11, 9, 4, NULL),
(1826, 14, 11, 10, 4, NULL),
(1827, 14, 11, 11, 4, NULL),
(1828, 14, 11, 12, 4, NULL),
(1829, 14, 11, 13, 4, NULL),
(1830, 14, 11, 14, 4, NULL),
(1831, 14, 11, 15, 4, NULL),
(1832, 14, 12, 1, 4, NULL),
(1833, 14, 12, 3, 4, NULL),
(1834, 14, 12, 5, 4, NULL),
(1835, 14, 12, 7, 4, NULL),
(1836, 14, 12, 9, 4, NULL),
(1837, 14, 12, 10, 4, NULL),
(1838, 14, 12, 11, 4, NULL),
(1839, 14, 12, 12, 4, NULL),
(1840, 14, 12, 13, 4, NULL),
(1841, 14, 12, 14, 4, NULL),
(1842, 14, 12, 15, 4, NULL),
(1843, 14, 13, 1, 4, NULL),
(1844, 14, 13, 3, 4, NULL),
(1845, 14, 13, 5, 4, NULL),
(1846, 14, 13, 7, 4, NULL),
(1847, 14, 13, 9, 4, NULL),
(1848, 14, 13, 10, 4, NULL),
(1849, 14, 13, 11, 4, NULL),
(1850, 14, 13, 12, 4, NULL),
(1851, 14, 13, 13, 4, NULL),
(1852, 14, 13, 14, 4, NULL),
(1853, 14, 13, 15, 4, NULL),
(1854, 14, 1, 1, 5, NULL),
(1855, 14, 1, 3, 5, NULL),
(1856, 14, 1, 5, 5, NULL),
(1857, 14, 1, 7, 5, NULL),
(1858, 14, 1, 9, 5, NULL),
(1859, 14, 1, 10, 5, NULL),
(1860, 14, 1, 11, 5, NULL),
(1861, 14, 1, 12, 5, NULL),
(1862, 14, 1, 13, 5, NULL),
(1863, 14, 1, 14, 5, NULL),
(1864, 14, 1, 15, 5, NULL),
(1865, 14, 2, 1, 5, NULL),
(1866, 14, 2, 3, 5, NULL),
(1867, 14, 2, 5, 5, NULL),
(1868, 14, 2, 7, 5, NULL),
(1869, 14, 2, 9, 5, NULL),
(1870, 14, 2, 10, 5, NULL),
(1871, 14, 2, 11, 5, NULL),
(1872, 14, 2, 12, 5, NULL),
(1873, 14, 2, 13, 5, NULL),
(1874, 14, 2, 14, 5, NULL),
(1875, 14, 2, 15, 5, NULL),
(1876, 14, 3, 1, 5, NULL),
(1877, 14, 3, 3, 5, NULL),
(1878, 14, 3, 5, 5, NULL),
(1879, 14, 3, 7, 5, NULL),
(1880, 14, 3, 9, 5, NULL),
(1881, 14, 3, 10, 5, NULL),
(1882, 14, 3, 11, 5, NULL),
(1883, 14, 3, 12, 5, NULL),
(1884, 14, 3, 13, 5, NULL),
(1885, 14, 3, 14, 5, NULL),
(1886, 14, 3, 15, 5, NULL),
(1887, 14, 4, 1, 5, NULL),
(1888, 14, 4, 3, 5, NULL),
(1889, 14, 4, 5, 5, NULL),
(1890, 14, 4, 7, 5, NULL),
(1891, 14, 4, 9, 5, NULL),
(1892, 14, 4, 10, 5, NULL),
(1893, 14, 4, 11, 5, NULL),
(1894, 14, 4, 12, 5, NULL),
(1895, 14, 4, 13, 5, NULL),
(1896, 14, 4, 14, 5, NULL),
(1897, 14, 4, 15, 5, NULL),
(1898, 14, 5, 1, 5, NULL),
(1899, 14, 5, 3, 5, NULL),
(1900, 14, 5, 5, 5, NULL),
(1901, 14, 5, 7, 5, NULL),
(1902, 14, 5, 9, 5, NULL),
(1903, 14, 5, 10, 5, NULL),
(1904, 14, 5, 11, 5, NULL),
(1905, 14, 5, 12, 5, NULL),
(1906, 14, 5, 13, 5, NULL),
(1907, 14, 5, 14, 5, NULL),
(1908, 14, 5, 15, 5, NULL),
(1909, 14, 6, 1, 5, NULL),
(1910, 14, 6, 3, 5, NULL),
(1911, 14, 6, 5, 5, NULL),
(1912, 14, 6, 7, 5, NULL),
(1913, 14, 6, 9, 5, NULL),
(1914, 14, 6, 10, 5, NULL),
(1915, 14, 6, 11, 5, NULL),
(1916, 14, 6, 12, 5, NULL),
(1917, 14, 6, 13, 5, NULL),
(1918, 14, 6, 14, 5, NULL),
(1919, 14, 6, 15, 5, NULL),
(1920, 14, 7, 1, 5, NULL),
(1921, 14, 7, 3, 5, NULL),
(1922, 14, 7, 5, 5, NULL),
(1923, 14, 7, 7, 5, NULL),
(1924, 14, 7, 9, 5, NULL),
(1925, 14, 7, 10, 5, NULL),
(1926, 14, 7, 11, 5, NULL),
(1927, 14, 7, 12, 5, NULL),
(1928, 14, 7, 13, 5, NULL),
(1929, 14, 7, 14, 5, NULL),
(1930, 14, 7, 15, 5, NULL),
(1931, 14, 8, 1, 5, NULL),
(1932, 14, 8, 3, 5, NULL),
(1933, 14, 8, 5, 5, NULL),
(1934, 14, 8, 7, 5, NULL),
(1935, 14, 8, 9, 5, NULL),
(1936, 14, 8, 10, 5, NULL),
(1937, 14, 8, 11, 5, NULL),
(1938, 14, 8, 12, 5, NULL),
(1939, 14, 8, 13, 5, NULL),
(1940, 14, 8, 14, 5, NULL),
(1941, 14, 8, 15, 5, NULL),
(1942, 14, 9, 1, 5, NULL),
(1943, 14, 9, 3, 5, NULL),
(1944, 14, 9, 5, 5, NULL),
(1945, 14, 9, 7, 5, NULL),
(1946, 14, 9, 9, 5, NULL),
(1947, 14, 9, 10, 5, NULL),
(1948, 14, 9, 11, 5, NULL),
(1949, 14, 9, 12, 5, NULL),
(1950, 14, 9, 13, 5, NULL),
(1951, 14, 9, 14, 5, NULL),
(1952, 14, 9, 15, 5, NULL),
(1953, 14, 10, 1, 5, NULL),
(1954, 14, 10, 3, 5, NULL),
(1955, 14, 10, 5, 5, NULL),
(1956, 14, 10, 7, 5, NULL),
(1957, 14, 10, 9, 5, NULL),
(1958, 14, 10, 10, 5, NULL),
(1959, 14, 10, 11, 5, NULL),
(1960, 14, 10, 12, 5, NULL),
(1961, 14, 10, 13, 5, NULL),
(1962, 14, 10, 14, 5, NULL),
(1963, 14, 10, 15, 5, NULL),
(1964, 14, 11, 1, 5, NULL),
(1965, 14, 11, 3, 5, NULL),
(1966, 14, 11, 5, 5, NULL),
(1967, 14, 11, 7, 5, NULL),
(1968, 14, 11, 9, 5, NULL),
(1969, 14, 11, 10, 5, NULL),
(1970, 14, 11, 11, 5, NULL),
(1971, 14, 11, 12, 5, NULL),
(1972, 14, 11, 13, 5, NULL),
(1973, 14, 11, 14, 5, NULL),
(1974, 14, 11, 15, 5, NULL),
(1975, 14, 12, 1, 5, NULL),
(1976, 14, 12, 3, 5, NULL),
(1977, 14, 12, 5, 5, NULL),
(1978, 14, 12, 7, 5, NULL),
(1979, 14, 12, 9, 5, NULL),
(1980, 14, 12, 10, 5, NULL),
(1981, 14, 12, 11, 5, NULL),
(1982, 14, 12, 12, 5, NULL),
(1983, 14, 12, 13, 5, NULL),
(1984, 14, 12, 14, 5, NULL),
(1985, 14, 12, 15, 5, NULL),
(1986, 14, 13, 1, 5, NULL),
(1987, 14, 13, 3, 5, NULL),
(1988, 14, 13, 5, 5, NULL),
(1989, 14, 13, 7, 5, NULL),
(1990, 14, 13, 9, 5, NULL),
(1991, 14, 13, 10, 5, NULL),
(1992, 14, 13, 11, 5, NULL),
(1993, 14, 13, 12, 5, NULL),
(1994, 14, 13, 13, 5, NULL),
(1995, 14, 13, 14, 5, NULL),
(1996, 14, 13, 15, 5, NULL),
(1997, 14, 1, 1, 6, NULL),
(1998, 14, 1, 3, 6, NULL),
(1999, 14, 1, 5, 6, NULL),
(2000, 14, 1, 7, 6, NULL),
(2001, 14, 1, 9, 6, NULL),
(2002, 14, 1, 10, 6, NULL),
(2003, 14, 1, 11, 6, NULL),
(2004, 14, 1, 12, 6, NULL),
(2005, 14, 1, 13, 6, NULL),
(2006, 14, 1, 14, 6, NULL),
(2007, 14, 1, 15, 6, NULL),
(2008, 14, 2, 1, 6, NULL),
(2009, 14, 2, 3, 6, NULL),
(2010, 14, 2, 5, 6, NULL),
(2011, 14, 2, 7, 6, NULL),
(2012, 14, 2, 9, 6, NULL),
(2013, 14, 2, 10, 6, NULL),
(2014, 14, 2, 11, 6, NULL);
INSERT INTO `vendor_details` (`vd_id`, `vend_id`, `cls_id`, `sub_id`, `item_id`, `sch_id`) VALUES
(2015, 14, 2, 12, 6, NULL),
(2016, 14, 2, 13, 6, NULL),
(2017, 14, 2, 14, 6, NULL),
(2018, 14, 2, 15, 6, NULL),
(2019, 14, 3, 1, 6, NULL),
(2020, 14, 3, 3, 6, NULL),
(2021, 14, 3, 5, 6, NULL),
(2022, 14, 3, 7, 6, NULL),
(2023, 14, 3, 9, 6, NULL),
(2024, 14, 3, 10, 6, NULL),
(2025, 14, 3, 11, 6, NULL),
(2026, 14, 3, 12, 6, NULL),
(2027, 14, 3, 13, 6, NULL),
(2028, 14, 3, 14, 6, NULL),
(2029, 14, 3, 15, 6, NULL),
(2030, 14, 4, 1, 6, NULL),
(2031, 14, 4, 3, 6, NULL),
(2032, 14, 4, 5, 6, NULL),
(2033, 14, 4, 7, 6, NULL),
(2034, 14, 4, 9, 6, NULL),
(2035, 14, 4, 10, 6, NULL),
(2036, 14, 4, 11, 6, NULL),
(2037, 14, 4, 12, 6, NULL),
(2038, 14, 4, 13, 6, NULL),
(2039, 14, 4, 14, 6, NULL),
(2040, 14, 4, 15, 6, NULL),
(2041, 14, 5, 1, 6, NULL),
(2042, 14, 5, 3, 6, NULL),
(2043, 14, 5, 5, 6, NULL),
(2044, 14, 5, 7, 6, NULL),
(2045, 14, 5, 9, 6, NULL),
(2046, 14, 5, 10, 6, NULL),
(2047, 14, 5, 11, 6, NULL),
(2048, 14, 5, 12, 6, NULL),
(2049, 14, 5, 13, 6, NULL),
(2050, 14, 5, 14, 6, NULL),
(2051, 14, 5, 15, 6, NULL),
(2052, 14, 6, 1, 6, NULL),
(2053, 14, 6, 3, 6, NULL),
(2054, 14, 6, 5, 6, NULL),
(2055, 14, 6, 7, 6, NULL),
(2056, 14, 6, 9, 6, NULL),
(2057, 14, 6, 10, 6, NULL),
(2058, 14, 6, 11, 6, NULL),
(2059, 14, 6, 12, 6, NULL),
(2060, 14, 6, 13, 6, NULL),
(2061, 14, 6, 14, 6, NULL),
(2062, 14, 6, 15, 6, NULL),
(2063, 14, 7, 1, 6, NULL),
(2064, 14, 7, 3, 6, NULL),
(2065, 14, 7, 5, 6, NULL),
(2066, 14, 7, 7, 6, NULL),
(2067, 14, 7, 9, 6, NULL),
(2068, 14, 7, 10, 6, NULL),
(2069, 14, 7, 11, 6, NULL),
(2070, 14, 7, 12, 6, NULL),
(2071, 14, 7, 13, 6, NULL),
(2072, 14, 7, 14, 6, NULL),
(2073, 14, 7, 15, 6, NULL),
(2074, 14, 8, 1, 6, NULL),
(2075, 14, 8, 3, 6, NULL),
(2076, 14, 8, 5, 6, NULL),
(2077, 14, 8, 7, 6, NULL),
(2078, 14, 8, 9, 6, NULL),
(2079, 14, 8, 10, 6, NULL),
(2080, 14, 8, 11, 6, NULL),
(2081, 14, 8, 12, 6, NULL),
(2082, 14, 8, 13, 6, NULL),
(2083, 14, 8, 14, 6, NULL),
(2084, 14, 8, 15, 6, NULL),
(2085, 14, 9, 1, 6, NULL),
(2086, 14, 9, 3, 6, NULL),
(2087, 14, 9, 5, 6, NULL),
(2088, 14, 9, 7, 6, NULL),
(2089, 14, 9, 9, 6, NULL),
(2090, 14, 9, 10, 6, NULL),
(2091, 14, 9, 11, 6, NULL),
(2092, 14, 9, 12, 6, NULL),
(2093, 14, 9, 13, 6, NULL),
(2094, 14, 9, 14, 6, NULL),
(2095, 14, 9, 15, 6, NULL),
(2096, 14, 10, 1, 6, NULL),
(2097, 14, 10, 3, 6, NULL),
(2098, 14, 10, 5, 6, NULL),
(2099, 14, 10, 7, 6, NULL),
(2100, 14, 10, 9, 6, NULL),
(2101, 14, 10, 10, 6, NULL),
(2102, 14, 10, 11, 6, NULL),
(2103, 14, 10, 12, 6, NULL),
(2104, 14, 10, 13, 6, NULL),
(2105, 14, 10, 14, 6, NULL),
(2106, 14, 10, 15, 6, NULL),
(2107, 14, 11, 1, 6, NULL),
(2108, 14, 11, 3, 6, NULL),
(2109, 14, 11, 5, 6, NULL),
(2110, 14, 11, 7, 6, NULL),
(2111, 14, 11, 9, 6, NULL),
(2112, 14, 11, 10, 6, NULL),
(2113, 14, 11, 11, 6, NULL),
(2114, 14, 11, 12, 6, NULL),
(2115, 14, 11, 13, 6, NULL),
(2116, 14, 11, 14, 6, NULL),
(2117, 14, 11, 15, 6, NULL),
(2118, 14, 12, 1, 6, NULL),
(2119, 14, 12, 3, 6, NULL),
(2120, 14, 12, 5, 6, NULL),
(2121, 14, 12, 7, 6, NULL),
(2122, 14, 12, 9, 6, NULL),
(2123, 14, 12, 10, 6, NULL),
(2124, 14, 12, 11, 6, NULL),
(2125, 14, 12, 12, 6, NULL),
(2126, 14, 12, 13, 6, NULL),
(2127, 14, 12, 14, 6, NULL),
(2128, 14, 12, 15, 6, NULL),
(2129, 14, 13, 1, 6, NULL),
(2130, 14, 13, 3, 6, NULL),
(2131, 14, 13, 5, 6, NULL),
(2132, 14, 13, 7, 6, NULL),
(2133, 14, 13, 9, 6, NULL),
(2134, 14, 13, 10, 6, NULL),
(2135, 14, 13, 11, 6, NULL),
(2136, 14, 13, 12, 6, NULL),
(2137, 14, 13, 13, 6, NULL),
(2138, 14, 13, 14, 6, NULL),
(2139, 14, 13, 15, 6, NULL),
(2140, 14, 1, 1, 7, NULL),
(2141, 14, 1, 3, 7, NULL),
(2142, 14, 1, 5, 7, NULL),
(2143, 14, 1, 7, 7, NULL),
(2144, 14, 1, 9, 7, NULL),
(2145, 14, 1, 10, 7, NULL),
(2146, 14, 1, 11, 7, NULL),
(2147, 14, 1, 12, 7, NULL),
(2148, 14, 1, 13, 7, NULL),
(2149, 14, 1, 14, 7, NULL),
(2150, 14, 1, 15, 7, NULL),
(2151, 14, 2, 1, 7, NULL),
(2152, 14, 2, 3, 7, NULL),
(2153, 14, 2, 5, 7, NULL),
(2154, 14, 2, 7, 7, NULL),
(2155, 14, 2, 9, 7, NULL),
(2156, 14, 2, 10, 7, NULL),
(2157, 14, 2, 11, 7, NULL),
(2158, 14, 2, 12, 7, NULL),
(2159, 14, 2, 13, 7, NULL),
(2160, 14, 2, 14, 7, NULL),
(2161, 14, 2, 15, 7, NULL),
(2162, 14, 3, 1, 7, NULL),
(2163, 14, 3, 3, 7, NULL),
(2164, 14, 3, 5, 7, NULL),
(2165, 14, 3, 7, 7, NULL),
(2166, 14, 3, 9, 7, NULL),
(2167, 14, 3, 10, 7, NULL),
(2168, 14, 3, 11, 7, NULL),
(2169, 14, 3, 12, 7, NULL),
(2170, 14, 3, 13, 7, NULL),
(2171, 14, 3, 14, 7, NULL),
(2172, 14, 3, 15, 7, NULL),
(2173, 14, 4, 1, 7, NULL),
(2174, 14, 4, 3, 7, NULL),
(2175, 14, 4, 5, 7, NULL),
(2176, 14, 4, 7, 7, NULL),
(2177, 14, 4, 9, 7, NULL),
(2178, 14, 4, 10, 7, NULL),
(2179, 14, 4, 11, 7, NULL),
(2180, 14, 4, 12, 7, NULL),
(2181, 14, 4, 13, 7, NULL),
(2182, 14, 4, 14, 7, NULL),
(2183, 14, 4, 15, 7, NULL),
(2184, 14, 5, 1, 7, NULL),
(2185, 14, 5, 3, 7, NULL),
(2186, 14, 5, 5, 7, NULL),
(2187, 14, 5, 7, 7, NULL),
(2188, 14, 5, 9, 7, NULL),
(2189, 14, 5, 10, 7, NULL),
(2190, 14, 5, 11, 7, NULL),
(2191, 14, 5, 12, 7, NULL),
(2192, 14, 5, 13, 7, NULL),
(2193, 14, 5, 14, 7, NULL),
(2194, 14, 5, 15, 7, NULL),
(2195, 14, 6, 1, 7, NULL),
(2196, 14, 6, 3, 7, NULL),
(2197, 14, 6, 5, 7, NULL),
(2198, 14, 6, 7, 7, NULL),
(2199, 14, 6, 9, 7, NULL),
(2200, 14, 6, 10, 7, NULL),
(2201, 14, 6, 11, 7, NULL),
(2202, 14, 6, 12, 7, NULL),
(2203, 14, 6, 13, 7, NULL),
(2204, 14, 6, 14, 7, NULL),
(2205, 14, 6, 15, 7, NULL),
(2206, 14, 7, 1, 7, NULL),
(2207, 14, 7, 3, 7, NULL),
(2208, 14, 7, 5, 7, NULL),
(2209, 14, 7, 7, 7, NULL),
(2210, 14, 7, 9, 7, NULL),
(2211, 14, 7, 10, 7, NULL),
(2212, 14, 7, 11, 7, NULL),
(2213, 14, 7, 12, 7, NULL),
(2214, 14, 7, 13, 7, NULL),
(2215, 14, 7, 14, 7, NULL),
(2216, 14, 7, 15, 7, NULL),
(2217, 14, 8, 1, 7, NULL),
(2218, 14, 8, 3, 7, NULL),
(2219, 14, 8, 5, 7, NULL),
(2220, 14, 8, 7, 7, NULL),
(2221, 14, 8, 9, 7, NULL),
(2222, 14, 8, 10, 7, NULL),
(2223, 14, 8, 11, 7, NULL),
(2224, 14, 8, 12, 7, NULL),
(2225, 14, 8, 13, 7, NULL),
(2226, 14, 8, 14, 7, NULL),
(2227, 14, 8, 15, 7, NULL),
(2228, 14, 9, 1, 7, NULL),
(2229, 14, 9, 3, 7, NULL),
(2230, 14, 9, 5, 7, NULL),
(2231, 14, 9, 7, 7, NULL),
(2232, 14, 9, 9, 7, NULL),
(2233, 14, 9, 10, 7, NULL),
(2234, 14, 9, 11, 7, NULL),
(2235, 14, 9, 12, 7, NULL),
(2236, 14, 9, 13, 7, NULL),
(2237, 14, 9, 14, 7, NULL),
(2238, 14, 9, 15, 7, NULL),
(2239, 14, 10, 1, 7, NULL),
(2240, 14, 10, 3, 7, NULL),
(2241, 14, 10, 5, 7, NULL),
(2242, 14, 10, 7, 7, NULL),
(2243, 14, 10, 9, 7, NULL),
(2244, 14, 10, 10, 7, NULL),
(2245, 14, 10, 11, 7, NULL),
(2246, 14, 10, 12, 7, NULL),
(2247, 14, 10, 13, 7, NULL),
(2248, 14, 10, 14, 7, NULL),
(2249, 14, 10, 15, 7, NULL),
(2250, 14, 11, 1, 7, NULL),
(2251, 14, 11, 3, 7, NULL),
(2252, 14, 11, 5, 7, NULL),
(2253, 14, 11, 7, 7, NULL),
(2254, 14, 11, 9, 7, NULL),
(2255, 14, 11, 10, 7, NULL),
(2256, 14, 11, 11, 7, NULL),
(2257, 14, 11, 12, 7, NULL),
(2258, 14, 11, 13, 7, NULL),
(2259, 14, 11, 14, 7, NULL),
(2260, 14, 11, 15, 7, NULL),
(2261, 14, 12, 1, 7, NULL),
(2262, 14, 12, 3, 7, NULL),
(2263, 14, 12, 5, 7, NULL),
(2264, 14, 12, 7, 7, NULL),
(2265, 14, 12, 9, 7, NULL),
(2266, 14, 12, 10, 7, NULL),
(2267, 14, 12, 11, 7, NULL),
(2268, 14, 12, 12, 7, NULL),
(2269, 14, 12, 13, 7, NULL),
(2270, 14, 12, 14, 7, NULL),
(2271, 14, 12, 15, 7, NULL),
(2272, 14, 13, 1, 7, NULL),
(2273, 14, 13, 3, 7, NULL),
(2274, 14, 13, 5, 7, NULL),
(2275, 14, 13, 7, 7, NULL),
(2276, 14, 13, 9, 7, NULL),
(2277, 14, 13, 10, 7, NULL),
(2278, 14, 13, 11, 7, NULL),
(2279, 14, 13, 12, 7, NULL),
(2280, 14, 13, 13, 7, NULL),
(2281, 14, 13, 14, 7, NULL),
(2282, 14, 13, 15, 7, NULL),
(2283, 14, 1, 1, 8, NULL),
(2284, 14, 1, 3, 8, NULL),
(2285, 14, 1, 5, 8, NULL),
(2286, 14, 1, 7, 8, NULL),
(2287, 14, 1, 9, 8, NULL),
(2288, 14, 1, 10, 8, NULL),
(2289, 14, 1, 11, 8, NULL),
(2290, 14, 1, 12, 8, NULL),
(2291, 14, 1, 13, 8, NULL),
(2292, 14, 1, 14, 8, NULL),
(2293, 14, 1, 15, 8, NULL),
(2294, 14, 2, 1, 8, NULL),
(2295, 14, 2, 3, 8, NULL),
(2296, 14, 2, 5, 8, NULL),
(2297, 14, 2, 7, 8, NULL),
(2298, 14, 2, 9, 8, NULL),
(2299, 14, 2, 10, 8, NULL),
(2300, 14, 2, 11, 8, NULL),
(2301, 14, 2, 12, 8, NULL),
(2302, 14, 2, 13, 8, NULL),
(2303, 14, 2, 14, 8, NULL),
(2304, 14, 2, 15, 8, NULL),
(2305, 14, 3, 1, 8, NULL),
(2306, 14, 3, 3, 8, NULL),
(2307, 14, 3, 5, 8, NULL),
(2308, 14, 3, 7, 8, NULL),
(2309, 14, 3, 9, 8, NULL),
(2310, 14, 3, 10, 8, NULL),
(2311, 14, 3, 11, 8, NULL),
(2312, 14, 3, 12, 8, NULL),
(2313, 14, 3, 13, 8, NULL),
(2314, 14, 3, 14, 8, NULL),
(2315, 14, 3, 15, 8, NULL),
(2316, 14, 4, 1, 8, NULL),
(2317, 14, 4, 3, 8, NULL),
(2318, 14, 4, 5, 8, NULL),
(2319, 14, 4, 7, 8, NULL),
(2320, 14, 4, 9, 8, NULL),
(2321, 14, 4, 10, 8, NULL),
(2322, 14, 4, 11, 8, NULL),
(2323, 14, 4, 12, 8, NULL),
(2324, 14, 4, 13, 8, NULL),
(2325, 14, 4, 14, 8, NULL),
(2326, 14, 4, 15, 8, NULL),
(2327, 14, 5, 1, 8, NULL),
(2328, 14, 5, 3, 8, NULL),
(2329, 14, 5, 5, 8, NULL),
(2330, 14, 5, 7, 8, NULL),
(2331, 14, 5, 9, 8, NULL),
(2332, 14, 5, 10, 8, NULL),
(2333, 14, 5, 11, 8, NULL),
(2334, 14, 5, 12, 8, NULL),
(2335, 14, 5, 13, 8, NULL),
(2336, 14, 5, 14, 8, NULL),
(2337, 14, 5, 15, 8, NULL),
(2338, 14, 6, 1, 8, NULL),
(2339, 14, 6, 3, 8, NULL),
(2340, 14, 6, 5, 8, NULL),
(2341, 14, 6, 7, 8, NULL),
(2342, 14, 6, 9, 8, NULL),
(2343, 14, 6, 10, 8, NULL),
(2344, 14, 6, 11, 8, NULL),
(2345, 14, 6, 12, 8, NULL),
(2346, 14, 6, 13, 8, NULL),
(2347, 14, 6, 14, 8, NULL),
(2348, 14, 6, 15, 8, NULL),
(2349, 14, 7, 1, 8, NULL),
(2350, 14, 7, 3, 8, NULL),
(2351, 14, 7, 5, 8, NULL),
(2352, 14, 7, 7, 8, NULL),
(2353, 14, 7, 9, 8, NULL),
(2354, 14, 7, 10, 8, NULL),
(2355, 14, 7, 11, 8, NULL),
(2356, 14, 7, 12, 8, NULL),
(2357, 14, 7, 13, 8, NULL),
(2358, 14, 7, 14, 8, NULL),
(2359, 14, 7, 15, 8, NULL),
(2360, 14, 8, 1, 8, NULL),
(2361, 14, 8, 3, 8, NULL),
(2362, 14, 8, 5, 8, NULL),
(2363, 14, 8, 7, 8, NULL),
(2364, 14, 8, 9, 8, NULL),
(2365, 14, 8, 10, 8, NULL),
(2366, 14, 8, 11, 8, NULL),
(2367, 14, 8, 12, 8, NULL),
(2368, 14, 8, 13, 8, NULL),
(2369, 14, 8, 14, 8, NULL),
(2370, 14, 8, 15, 8, NULL),
(2371, 14, 9, 1, 8, NULL),
(2372, 14, 9, 3, 8, NULL),
(2373, 14, 9, 5, 8, NULL),
(2374, 14, 9, 7, 8, NULL),
(2375, 14, 9, 9, 8, NULL),
(2376, 14, 9, 10, 8, NULL),
(2377, 14, 9, 11, 8, NULL),
(2378, 14, 9, 12, 8, NULL),
(2379, 14, 9, 13, 8, NULL),
(2380, 14, 9, 14, 8, NULL),
(2381, 14, 9, 15, 8, NULL),
(2382, 14, 10, 1, 8, NULL),
(2383, 14, 10, 3, 8, NULL),
(2384, 14, 10, 5, 8, NULL),
(2385, 14, 10, 7, 8, NULL),
(2386, 14, 10, 9, 8, NULL),
(2387, 14, 10, 10, 8, NULL),
(2388, 14, 10, 11, 8, NULL),
(2389, 14, 10, 12, 8, NULL),
(2390, 14, 10, 13, 8, NULL),
(2391, 14, 10, 14, 8, NULL),
(2392, 14, 10, 15, 8, NULL),
(2393, 14, 11, 1, 8, NULL),
(2394, 14, 11, 3, 8, NULL),
(2395, 14, 11, 5, 8, NULL),
(2396, 14, 11, 7, 8, NULL),
(2397, 14, 11, 9, 8, NULL),
(2398, 14, 11, 10, 8, NULL),
(2399, 14, 11, 11, 8, NULL),
(2400, 14, 11, 12, 8, NULL),
(2401, 14, 11, 13, 8, NULL),
(2402, 14, 11, 14, 8, NULL),
(2403, 14, 11, 15, 8, NULL),
(2404, 14, 12, 1, 8, NULL),
(2405, 14, 12, 3, 8, NULL),
(2406, 14, 12, 5, 8, NULL),
(2407, 14, 12, 7, 8, NULL),
(2408, 14, 12, 9, 8, NULL),
(2409, 14, 12, 10, 8, NULL),
(2410, 14, 12, 11, 8, NULL),
(2411, 14, 12, 12, 8, NULL),
(2412, 14, 12, 13, 8, NULL),
(2413, 14, 12, 14, 8, NULL),
(2414, 14, 12, 15, 8, NULL),
(2415, 14, 13, 1, 8, NULL),
(2416, 14, 13, 3, 8, NULL),
(2417, 14, 13, 5, 8, NULL),
(2418, 14, 13, 7, 8, NULL),
(2419, 14, 13, 9, 8, NULL),
(2420, 14, 13, 10, 8, NULL),
(2421, 14, 13, 11, 8, NULL),
(2422, 14, 13, 12, 8, NULL),
(2423, 14, 13, 13, 8, NULL),
(2424, 14, 13, 14, 8, NULL),
(2425, 14, 13, 15, 8, NULL),
(2426, 14, 1, 1, 9, NULL),
(2427, 14, 1, 3, 9, NULL),
(2428, 14, 1, 5, 9, NULL),
(2429, 14, 1, 7, 9, NULL),
(2430, 14, 1, 9, 9, NULL),
(2431, 14, 1, 10, 9, NULL),
(2432, 14, 1, 11, 9, NULL),
(2433, 14, 1, 12, 9, NULL),
(2434, 14, 1, 13, 9, NULL),
(2435, 14, 1, 14, 9, NULL),
(2436, 14, 1, 15, 9, NULL),
(2437, 14, 2, 1, 9, NULL),
(2438, 14, 2, 3, 9, NULL),
(2439, 14, 2, 5, 9, NULL),
(2440, 14, 2, 7, 9, NULL),
(2441, 14, 2, 9, 9, NULL),
(2442, 14, 2, 10, 9, NULL),
(2443, 14, 2, 11, 9, NULL),
(2444, 14, 2, 12, 9, NULL),
(2445, 14, 2, 13, 9, NULL),
(2446, 14, 2, 14, 9, NULL),
(2447, 14, 2, 15, 9, NULL),
(2448, 14, 3, 1, 9, NULL),
(2449, 14, 3, 3, 9, NULL),
(2450, 14, 3, 5, 9, NULL),
(2451, 14, 3, 7, 9, NULL),
(2452, 14, 3, 9, 9, NULL),
(2453, 14, 3, 10, 9, NULL),
(2454, 14, 3, 11, 9, NULL),
(2455, 14, 3, 12, 9, NULL),
(2456, 14, 3, 13, 9, NULL),
(2457, 14, 3, 14, 9, NULL),
(2458, 14, 3, 15, 9, NULL),
(2459, 14, 4, 1, 9, NULL),
(2460, 14, 4, 3, 9, NULL),
(2461, 14, 4, 5, 9, NULL),
(2462, 14, 4, 7, 9, NULL),
(2463, 14, 4, 9, 9, NULL),
(2464, 14, 4, 10, 9, NULL),
(2465, 14, 4, 11, 9, NULL),
(2466, 14, 4, 12, 9, NULL),
(2467, 14, 4, 13, 9, NULL),
(2468, 14, 4, 14, 9, NULL),
(2469, 14, 4, 15, 9, NULL),
(2470, 14, 5, 1, 9, NULL),
(2471, 14, 5, 3, 9, NULL),
(2472, 14, 5, 5, 9, NULL),
(2473, 14, 5, 7, 9, NULL),
(2474, 14, 5, 9, 9, NULL),
(2475, 14, 5, 10, 9, NULL),
(2476, 14, 5, 11, 9, NULL),
(2477, 14, 5, 12, 9, NULL),
(2478, 14, 5, 13, 9, NULL),
(2479, 14, 5, 14, 9, NULL),
(2480, 14, 5, 15, 9, NULL),
(2481, 14, 6, 1, 9, NULL),
(2482, 14, 6, 3, 9, NULL),
(2483, 14, 6, 5, 9, NULL),
(2484, 14, 6, 7, 9, NULL),
(2485, 14, 6, 9, 9, NULL),
(2486, 14, 6, 10, 9, NULL),
(2487, 14, 6, 11, 9, NULL),
(2488, 14, 6, 12, 9, NULL),
(2489, 14, 6, 13, 9, NULL),
(2490, 14, 6, 14, 9, NULL),
(2491, 14, 6, 15, 9, NULL),
(2492, 14, 7, 1, 9, NULL),
(2493, 14, 7, 3, 9, NULL),
(2494, 14, 7, 5, 9, NULL),
(2495, 14, 7, 7, 9, NULL),
(2496, 14, 7, 9, 9, NULL),
(2497, 14, 7, 10, 9, NULL),
(2498, 14, 7, 11, 9, NULL),
(2499, 14, 7, 12, 9, NULL),
(2500, 14, 7, 13, 9, NULL),
(2501, 14, 7, 14, 9, NULL),
(2502, 14, 7, 15, 9, NULL),
(2503, 14, 8, 1, 9, NULL),
(2504, 14, 8, 3, 9, NULL),
(2505, 14, 8, 5, 9, NULL),
(2506, 14, 8, 7, 9, NULL),
(2507, 14, 8, 9, 9, NULL),
(2508, 14, 8, 10, 9, NULL),
(2509, 14, 8, 11, 9, NULL),
(2510, 14, 8, 12, 9, NULL),
(2511, 14, 8, 13, 9, NULL),
(2512, 14, 8, 14, 9, NULL),
(2513, 14, 8, 15, 9, NULL),
(2514, 14, 9, 1, 9, NULL),
(2515, 14, 9, 3, 9, NULL),
(2516, 14, 9, 5, 9, NULL),
(2517, 14, 9, 7, 9, NULL),
(2518, 14, 9, 9, 9, NULL),
(2519, 14, 9, 10, 9, NULL),
(2520, 14, 9, 11, 9, NULL),
(2521, 14, 9, 12, 9, NULL),
(2522, 14, 9, 13, 9, NULL),
(2523, 14, 9, 14, 9, NULL),
(2524, 14, 9, 15, 9, NULL),
(2525, 14, 10, 1, 9, NULL),
(2526, 14, 10, 3, 9, NULL),
(2527, 14, 10, 5, 9, NULL),
(2528, 14, 10, 7, 9, NULL),
(2529, 14, 10, 9, 9, NULL),
(2530, 14, 10, 10, 9, NULL),
(2531, 14, 10, 11, 9, NULL),
(2532, 14, 10, 12, 9, NULL),
(2533, 14, 10, 13, 9, NULL),
(2534, 14, 10, 14, 9, NULL),
(2535, 14, 10, 15, 9, NULL),
(2536, 14, 11, 1, 9, NULL),
(2537, 14, 11, 3, 9, NULL),
(2538, 14, 11, 5, 9, NULL),
(2539, 14, 11, 7, 9, NULL),
(2540, 14, 11, 9, 9, NULL),
(2541, 14, 11, 10, 9, NULL),
(2542, 14, 11, 11, 9, NULL),
(2543, 14, 11, 12, 9, NULL),
(2544, 14, 11, 13, 9, NULL),
(2545, 14, 11, 14, 9, NULL),
(2546, 14, 11, 15, 9, NULL),
(2547, 14, 12, 1, 9, NULL),
(2548, 14, 12, 3, 9, NULL),
(2549, 14, 12, 5, 9, NULL),
(2550, 14, 12, 7, 9, NULL),
(2551, 14, 12, 9, 9, NULL),
(2552, 14, 12, 10, 9, NULL),
(2553, 14, 12, 11, 9, NULL),
(2554, 14, 12, 12, 9, NULL),
(2555, 14, 12, 13, 9, NULL),
(2556, 14, 12, 14, 9, NULL),
(2557, 14, 12, 15, 9, NULL),
(2558, 14, 13, 1, 9, NULL),
(2559, 14, 13, 3, 9, NULL),
(2560, 14, 13, 5, 9, NULL),
(2561, 14, 13, 7, 9, NULL),
(2562, 14, 13, 9, 9, NULL),
(2563, 14, 13, 10, 9, NULL),
(2564, 14, 13, 11, 9, NULL),
(2565, 14, 13, 12, 9, NULL),
(2566, 14, 13, 13, 9, NULL),
(2567, 14, 13, 14, 9, NULL),
(2568, 14, 13, 15, 9, NULL),
(2569, 14, 1, 1, 10, NULL),
(2570, 14, 1, 3, 10, NULL),
(2571, 14, 1, 5, 10, NULL),
(2572, 14, 1, 7, 10, NULL),
(2573, 14, 1, 9, 10, NULL),
(2574, 14, 1, 10, 10, NULL),
(2575, 14, 1, 11, 10, NULL),
(2576, 14, 1, 12, 10, NULL),
(2577, 14, 1, 13, 10, NULL),
(2578, 14, 1, 14, 10, NULL),
(2579, 14, 1, 15, 10, NULL),
(2580, 14, 2, 1, 10, NULL),
(2581, 14, 2, 3, 10, NULL),
(2582, 14, 2, 5, 10, NULL),
(2583, 14, 2, 7, 10, NULL),
(2584, 14, 2, 9, 10, NULL),
(2585, 14, 2, 10, 10, NULL),
(2586, 14, 2, 11, 10, NULL),
(2587, 14, 2, 12, 10, NULL),
(2588, 14, 2, 13, 10, NULL),
(2589, 14, 2, 14, 10, NULL),
(2590, 14, 2, 15, 10, NULL),
(2591, 14, 3, 1, 10, NULL),
(2592, 14, 3, 3, 10, NULL),
(2593, 14, 3, 5, 10, NULL),
(2594, 14, 3, 7, 10, NULL),
(2595, 14, 3, 9, 10, NULL),
(2596, 14, 3, 10, 10, NULL),
(2597, 14, 3, 11, 10, NULL),
(2598, 14, 3, 12, 10, NULL),
(2599, 14, 3, 13, 10, NULL),
(2600, 14, 3, 14, 10, NULL),
(2601, 14, 3, 15, 10, NULL),
(2602, 14, 4, 1, 10, NULL),
(2603, 14, 4, 3, 10, NULL),
(2604, 14, 4, 5, 10, NULL),
(2605, 14, 4, 7, 10, NULL),
(2606, 14, 4, 9, 10, NULL),
(2607, 14, 4, 10, 10, NULL),
(2608, 14, 4, 11, 10, NULL),
(2609, 14, 4, 12, 10, NULL),
(2610, 14, 4, 13, 10, NULL),
(2611, 14, 4, 14, 10, NULL),
(2612, 14, 4, 15, 10, NULL),
(2613, 14, 5, 1, 10, NULL),
(2614, 14, 5, 3, 10, NULL),
(2615, 14, 5, 5, 10, NULL),
(2616, 14, 5, 7, 10, NULL),
(2617, 14, 5, 9, 10, NULL),
(2618, 14, 5, 10, 10, NULL),
(2619, 14, 5, 11, 10, NULL),
(2620, 14, 5, 12, 10, NULL),
(2621, 14, 5, 13, 10, NULL),
(2622, 14, 5, 14, 10, NULL),
(2623, 14, 5, 15, 10, NULL),
(2624, 14, 6, 1, 10, NULL),
(2625, 14, 6, 3, 10, NULL),
(2626, 14, 6, 5, 10, NULL),
(2627, 14, 6, 7, 10, NULL),
(2628, 14, 6, 9, 10, NULL),
(2629, 14, 6, 10, 10, NULL),
(2630, 14, 6, 11, 10, NULL),
(2631, 14, 6, 12, 10, NULL),
(2632, 14, 6, 13, 10, NULL),
(2633, 14, 6, 14, 10, NULL),
(2634, 14, 6, 15, 10, NULL),
(2635, 14, 7, 1, 10, NULL),
(2636, 14, 7, 3, 10, NULL),
(2637, 14, 7, 5, 10, NULL),
(2638, 14, 7, 7, 10, NULL),
(2639, 14, 7, 9, 10, NULL),
(2640, 14, 7, 10, 10, NULL),
(2641, 14, 7, 11, 10, NULL),
(2642, 14, 7, 12, 10, NULL),
(2643, 14, 7, 13, 10, NULL),
(2644, 14, 7, 14, 10, NULL),
(2645, 14, 7, 15, 10, NULL),
(2646, 14, 8, 1, 10, NULL),
(2647, 14, 8, 3, 10, NULL),
(2648, 14, 8, 5, 10, NULL),
(2649, 14, 8, 7, 10, NULL),
(2650, 14, 8, 9, 10, NULL),
(2651, 14, 8, 10, 10, NULL),
(2652, 14, 8, 11, 10, NULL),
(2653, 14, 8, 12, 10, NULL),
(2654, 14, 8, 13, 10, NULL),
(2655, 14, 8, 14, 10, NULL),
(2656, 14, 8, 15, 10, NULL),
(2657, 14, 9, 1, 10, NULL),
(2658, 14, 9, 3, 10, NULL),
(2659, 14, 9, 5, 10, NULL),
(2660, 14, 9, 7, 10, NULL),
(2661, 14, 9, 9, 10, NULL),
(2662, 14, 9, 10, 10, NULL),
(2663, 14, 9, 11, 10, NULL),
(2664, 14, 9, 12, 10, NULL),
(2665, 14, 9, 13, 10, NULL),
(2666, 14, 9, 14, 10, NULL),
(2667, 14, 9, 15, 10, NULL),
(2668, 14, 10, 1, 10, NULL),
(2669, 14, 10, 3, 10, NULL),
(2670, 14, 10, 5, 10, NULL),
(2671, 14, 10, 7, 10, NULL),
(2672, 14, 10, 9, 10, NULL),
(2673, 14, 10, 10, 10, NULL),
(2674, 14, 10, 11, 10, NULL),
(2675, 14, 10, 12, 10, NULL),
(2676, 14, 10, 13, 10, NULL),
(2677, 14, 10, 14, 10, NULL),
(2678, 14, 10, 15, 10, NULL),
(2679, 14, 11, 1, 10, NULL),
(2680, 14, 11, 3, 10, NULL),
(2681, 14, 11, 5, 10, NULL),
(2682, 14, 11, 7, 10, NULL),
(2683, 14, 11, 9, 10, NULL),
(2684, 14, 11, 10, 10, NULL),
(2685, 14, 11, 11, 10, NULL),
(2686, 14, 11, 12, 10, NULL),
(2687, 14, 11, 13, 10, NULL),
(2688, 14, 11, 14, 10, NULL),
(2689, 14, 11, 15, 10, NULL),
(2690, 14, 12, 1, 10, NULL),
(2691, 14, 12, 3, 10, NULL),
(2692, 14, 12, 5, 10, NULL),
(2693, 14, 12, 7, 10, NULL),
(2694, 14, 12, 9, 10, NULL),
(2695, 14, 12, 10, 10, NULL),
(2696, 14, 12, 11, 10, NULL),
(2697, 14, 12, 12, 10, NULL),
(2698, 14, 12, 13, 10, NULL),
(2699, 14, 12, 14, 10, NULL),
(2700, 14, 12, 15, 10, NULL),
(2701, 14, 13, 1, 10, NULL),
(2702, 14, 13, 3, 10, NULL),
(2703, 14, 13, 5, 10, NULL),
(2704, 14, 13, 7, 10, NULL),
(2705, 14, 13, 9, 10, NULL),
(2706, 14, 13, 10, 10, NULL),
(2707, 14, 13, 11, 10, NULL),
(2708, 14, 13, 12, 10, NULL),
(2709, 14, 13, 13, 10, NULL),
(2710, 14, 13, 14, 10, NULL),
(2711, 14, 13, 15, 10, NULL),
(2712, 14, 1, 1, 11, NULL),
(2713, 14, 1, 3, 11, NULL),
(2714, 14, 1, 5, 11, NULL),
(2715, 14, 1, 7, 11, NULL),
(2716, 14, 1, 9, 11, NULL),
(2717, 14, 1, 10, 11, NULL),
(2718, 14, 1, 11, 11, NULL),
(2719, 14, 1, 12, 11, NULL),
(2720, 14, 1, 13, 11, NULL),
(2721, 14, 1, 14, 11, NULL),
(2722, 14, 1, 15, 11, NULL),
(2723, 14, 2, 1, 11, NULL),
(2724, 14, 2, 3, 11, NULL),
(2725, 14, 2, 5, 11, NULL),
(2726, 14, 2, 7, 11, NULL),
(2727, 14, 2, 9, 11, NULL),
(2728, 14, 2, 10, 11, NULL),
(2729, 14, 2, 11, 11, NULL),
(2730, 14, 2, 12, 11, NULL),
(2731, 14, 2, 13, 11, NULL),
(2732, 14, 2, 14, 11, NULL),
(2733, 14, 2, 15, 11, NULL),
(2734, 14, 3, 1, 11, NULL),
(2735, 14, 3, 3, 11, NULL),
(2736, 14, 3, 5, 11, NULL),
(2737, 14, 3, 7, 11, NULL),
(2738, 14, 3, 9, 11, NULL),
(2739, 14, 3, 10, 11, NULL),
(2740, 14, 3, 11, 11, NULL),
(2741, 14, 3, 12, 11, NULL),
(2742, 14, 3, 13, 11, NULL),
(2743, 14, 3, 14, 11, NULL),
(2744, 14, 3, 15, 11, NULL),
(2745, 14, 4, 1, 11, NULL),
(2746, 14, 4, 3, 11, NULL),
(2747, 14, 4, 5, 11, NULL),
(2748, 14, 4, 7, 11, NULL),
(2749, 14, 4, 9, 11, NULL),
(2750, 14, 4, 10, 11, NULL),
(2751, 14, 4, 11, 11, NULL),
(2752, 14, 4, 12, 11, NULL),
(2753, 14, 4, 13, 11, NULL),
(2754, 14, 4, 14, 11, NULL),
(2755, 14, 4, 15, 11, NULL),
(2756, 14, 5, 1, 11, NULL),
(2757, 14, 5, 3, 11, NULL),
(2758, 14, 5, 5, 11, NULL),
(2759, 14, 5, 7, 11, NULL),
(2760, 14, 5, 9, 11, NULL),
(2761, 14, 5, 10, 11, NULL),
(2762, 14, 5, 11, 11, NULL),
(2763, 14, 5, 12, 11, NULL),
(2764, 14, 5, 13, 11, NULL),
(2765, 14, 5, 14, 11, NULL),
(2766, 14, 5, 15, 11, NULL),
(2767, 14, 6, 1, 11, NULL),
(2768, 14, 6, 3, 11, NULL),
(2769, 14, 6, 5, 11, NULL),
(2770, 14, 6, 7, 11, NULL),
(2771, 14, 6, 9, 11, NULL),
(2772, 14, 6, 10, 11, NULL),
(2773, 14, 6, 11, 11, NULL),
(2774, 14, 6, 12, 11, NULL),
(2775, 14, 6, 13, 11, NULL),
(2776, 14, 6, 14, 11, NULL),
(2777, 14, 6, 15, 11, NULL),
(2778, 14, 7, 1, 11, NULL),
(2779, 14, 7, 3, 11, NULL),
(2780, 14, 7, 5, 11, NULL),
(2781, 14, 7, 7, 11, NULL),
(2782, 14, 7, 9, 11, NULL),
(2783, 14, 7, 10, 11, NULL),
(2784, 14, 7, 11, 11, NULL),
(2785, 14, 7, 12, 11, NULL),
(2786, 14, 7, 13, 11, NULL),
(2787, 14, 7, 14, 11, NULL),
(2788, 14, 7, 15, 11, NULL),
(2789, 14, 8, 1, 11, NULL),
(2790, 14, 8, 3, 11, NULL),
(2791, 14, 8, 5, 11, NULL),
(2792, 14, 8, 7, 11, NULL),
(2793, 14, 8, 9, 11, NULL),
(2794, 14, 8, 10, 11, NULL),
(2795, 14, 8, 11, 11, NULL),
(2796, 14, 8, 12, 11, NULL),
(2797, 14, 8, 13, 11, NULL),
(2798, 14, 8, 14, 11, NULL),
(2799, 14, 8, 15, 11, NULL),
(2800, 14, 9, 1, 11, NULL),
(2801, 14, 9, 3, 11, NULL),
(2802, 14, 9, 5, 11, NULL),
(2803, 14, 9, 7, 11, NULL),
(2804, 14, 9, 9, 11, NULL),
(2805, 14, 9, 10, 11, NULL),
(2806, 14, 9, 11, 11, NULL),
(2807, 14, 9, 12, 11, NULL),
(2808, 14, 9, 13, 11, NULL),
(2809, 14, 9, 14, 11, NULL),
(2810, 14, 9, 15, 11, NULL),
(2811, 14, 10, 1, 11, NULL),
(2812, 14, 10, 3, 11, NULL),
(2813, 14, 10, 5, 11, NULL),
(2814, 14, 10, 7, 11, NULL),
(2815, 14, 10, 9, 11, NULL),
(2816, 14, 10, 10, 11, NULL),
(2817, 14, 10, 11, 11, NULL),
(2818, 14, 10, 12, 11, NULL),
(2819, 14, 10, 13, 11, NULL),
(2820, 14, 10, 14, 11, NULL),
(2821, 14, 10, 15, 11, NULL),
(2822, 14, 11, 1, 11, NULL),
(2823, 14, 11, 3, 11, NULL),
(2824, 14, 11, 5, 11, NULL),
(2825, 14, 11, 7, 11, NULL),
(2826, 14, 11, 9, 11, NULL),
(2827, 14, 11, 10, 11, NULL),
(2828, 14, 11, 11, 11, NULL),
(2829, 14, 11, 12, 11, NULL),
(2830, 14, 11, 13, 11, NULL),
(2831, 14, 11, 14, 11, NULL),
(2832, 14, 11, 15, 11, NULL),
(2833, 14, 12, 1, 11, NULL),
(2834, 14, 12, 3, 11, NULL),
(2835, 14, 12, 5, 11, NULL),
(2836, 14, 12, 7, 11, NULL),
(2837, 14, 12, 9, 11, NULL),
(2838, 14, 12, 10, 11, NULL),
(2839, 14, 12, 11, 11, NULL),
(2840, 14, 12, 12, 11, NULL),
(2841, 14, 12, 13, 11, NULL),
(2842, 14, 12, 14, 11, NULL),
(2843, 14, 12, 15, 11, NULL),
(2844, 14, 13, 1, 11, NULL),
(2845, 14, 13, 3, 11, NULL),
(2846, 14, 13, 5, 11, NULL),
(2847, 14, 13, 7, 11, NULL),
(2848, 14, 13, 9, 11, NULL),
(2849, 14, 13, 10, 11, NULL),
(2850, 14, 13, 11, 11, NULL),
(2851, 14, 13, 12, 11, NULL),
(2852, 14, 13, 13, 11, NULL),
(2853, 14, 13, 14, 11, NULL),
(2854, 14, 13, 15, 11, NULL),
(2855, 15, 1, 16, 5, NULL),
(2856, 15, 2, 16, 5, NULL),
(2857, 15, 3, 16, 5, NULL),
(2858, 15, 4, 16, 5, NULL),
(2859, 15, 5, 16, 5, NULL),
(2860, 15, 6, 16, 5, NULL),
(2861, 15, 7, 16, 5, NULL),
(2862, 15, 8, 16, 5, NULL),
(2863, 15, 9, 16, 5, NULL),
(2864, 15, 10, 16, 5, NULL),
(2865, 15, 11, 16, 5, NULL),
(2866, 15, 12, 16, 5, NULL),
(2867, 15, 13, 16, 5, NULL),
(2868, 16, 1, 16, 11, NULL),
(2869, 17, 13, 16, 11, NULL),
(2870, 18, 1, 16, 11, NULL),
(2871, 19, 1, 16, 11, NULL),
(2872, 19, 1, 16, 12, NULL),
(2873, 20, 13, 16, 12, NULL),
(2874, 21, 1, 16, 11, NULL),
(2875, 22, 1, 16, 11, NULL),
(2876, 23, 1, 16, 11, NULL),
(2877, 24, 6, 15, 11, NULL),
(2878, 25, 1, 16, 5, NULL),
(2879, 26, 1, 3, 11, NULL),
(2880, 27, 1, 10, 3, NULL),
(2881, 28, 4, 7, 1, NULL),
(2882, 28, 5, 7, 1, NULL),
(2883, 28, 6, 7, 1, NULL),
(2884, 28, 7, 7, 1, NULL),
(2885, 28, 8, 7, 1, NULL),
(2886, 28, 9, 7, 1, NULL),
(2887, 28, 10, 7, 1, NULL),
(2888, 28, 11, 7, 1, NULL),
(2889, 28, 12, 7, 1, NULL),
(2890, 28, 13, 7, 1, NULL),
(2891, 29, 1, 16, 4, NULL),
(2892, 30, 1, 1, 1, NULL),
(2893, 30, 1, 3, 1, NULL),
(2894, 30, 1, 5, 1, NULL),
(2895, 30, 1, 7, 1, NULL),
(2896, 30, 1, 9, 1, NULL),
(2897, 30, 1, 10, 1, NULL),
(2898, 30, 1, 11, 1, NULL),
(2899, 30, 1, 12, 1, NULL),
(2900, 30, 1, 13, 1, NULL),
(2901, 30, 1, 14, 1, NULL),
(2902, 30, 1, 15, 1, NULL),
(2903, 30, 1, 16, 1, NULL),
(2904, 30, 2, 1, 1, NULL),
(2905, 30, 2, 3, 1, NULL),
(2906, 30, 2, 5, 1, NULL),
(2907, 30, 2, 7, 1, NULL),
(2908, 30, 2, 9, 1, NULL),
(2909, 30, 2, 10, 1, NULL),
(2910, 30, 2, 11, 1, NULL),
(2911, 30, 2, 12, 1, NULL),
(2912, 30, 2, 13, 1, NULL),
(2913, 30, 2, 14, 1, NULL),
(2914, 30, 2, 15, 1, NULL),
(2915, 30, 2, 16, 1, NULL),
(2916, 30, 3, 1, 1, NULL),
(2917, 30, 3, 3, 1, NULL),
(2918, 30, 3, 5, 1, NULL),
(2919, 30, 3, 7, 1, NULL),
(2920, 30, 3, 9, 1, NULL),
(2921, 30, 3, 10, 1, NULL),
(2922, 30, 3, 11, 1, NULL),
(2923, 30, 3, 12, 1, NULL),
(2924, 30, 3, 13, 1, NULL),
(2925, 30, 3, 14, 1, NULL),
(2926, 30, 3, 15, 1, NULL),
(2927, 30, 3, 16, 1, NULL),
(2928, 30, 4, 1, 1, NULL),
(2929, 30, 4, 3, 1, NULL),
(2930, 30, 4, 5, 1, NULL),
(2931, 30, 4, 7, 1, NULL),
(2932, 30, 4, 9, 1, NULL),
(2933, 30, 4, 10, 1, NULL),
(2934, 30, 4, 11, 1, NULL),
(2935, 30, 4, 12, 1, NULL),
(2936, 30, 4, 13, 1, NULL),
(2937, 30, 4, 14, 1, NULL),
(2938, 30, 4, 15, 1, NULL),
(2939, 30, 4, 16, 1, NULL),
(2940, 30, 5, 1, 1, NULL),
(2941, 30, 5, 3, 1, NULL),
(2942, 30, 5, 5, 1, NULL),
(2943, 30, 5, 7, 1, NULL),
(2944, 30, 5, 9, 1, NULL),
(2945, 30, 5, 10, 1, NULL),
(2946, 30, 5, 11, 1, NULL),
(2947, 30, 5, 12, 1, NULL),
(2948, 30, 5, 13, 1, NULL),
(2949, 30, 5, 14, 1, NULL),
(2950, 30, 5, 15, 1, NULL),
(2951, 30, 5, 16, 1, NULL),
(2952, 30, 6, 1, 1, NULL),
(2953, 30, 6, 3, 1, NULL),
(2954, 30, 6, 5, 1, NULL),
(2955, 30, 6, 7, 1, NULL),
(2956, 30, 6, 9, 1, NULL),
(2957, 30, 6, 10, 1, NULL),
(2958, 30, 6, 11, 1, NULL),
(2959, 30, 6, 12, 1, NULL),
(2960, 30, 6, 13, 1, NULL),
(2961, 30, 6, 14, 1, NULL),
(2962, 30, 6, 15, 1, NULL),
(2963, 30, 6, 16, 1, NULL),
(2964, 30, 7, 1, 1, NULL),
(2965, 30, 7, 3, 1, NULL),
(2966, 30, 7, 5, 1, NULL),
(2967, 30, 7, 7, 1, NULL),
(2968, 30, 7, 9, 1, NULL),
(2969, 30, 7, 10, 1, NULL),
(2970, 30, 7, 11, 1, NULL),
(2971, 30, 7, 12, 1, NULL),
(2972, 30, 7, 13, 1, NULL),
(2973, 30, 7, 14, 1, NULL),
(2974, 30, 7, 15, 1, NULL),
(2975, 30, 7, 16, 1, NULL),
(2976, 30, 8, 1, 1, NULL),
(2977, 30, 8, 3, 1, NULL),
(2978, 30, 8, 5, 1, NULL),
(2979, 30, 8, 7, 1, NULL),
(2980, 30, 8, 9, 1, NULL),
(2981, 30, 8, 10, 1, NULL),
(2982, 30, 8, 11, 1, NULL),
(2983, 30, 8, 12, 1, NULL),
(2984, 30, 8, 13, 1, NULL),
(2985, 30, 8, 14, 1, NULL),
(2986, 30, 8, 15, 1, NULL),
(2987, 30, 8, 16, 1, NULL),
(2988, 30, 9, 1, 1, NULL),
(2989, 30, 9, 3, 1, NULL),
(2990, 30, 9, 5, 1, NULL),
(2991, 30, 9, 7, 1, NULL),
(2992, 30, 9, 9, 1, NULL),
(2993, 30, 9, 10, 1, NULL),
(2994, 30, 9, 11, 1, NULL),
(2995, 30, 9, 12, 1, NULL),
(2996, 30, 9, 13, 1, NULL),
(2997, 30, 9, 14, 1, NULL),
(2998, 30, 9, 15, 1, NULL),
(2999, 30, 9, 16, 1, NULL),
(3000, 30, 10, 1, 1, NULL),
(3001, 30, 10, 3, 1, NULL),
(3002, 30, 10, 5, 1, NULL),
(3003, 30, 10, 7, 1, NULL),
(3004, 30, 10, 9, 1, NULL),
(3005, 30, 10, 10, 1, NULL),
(3006, 30, 10, 11, 1, NULL),
(3007, 30, 10, 12, 1, NULL),
(3008, 30, 10, 13, 1, NULL),
(3009, 30, 10, 14, 1, NULL),
(3010, 30, 10, 15, 1, NULL),
(3011, 30, 10, 16, 1, NULL),
(3012, 30, 11, 1, 1, NULL),
(3013, 30, 11, 3, 1, NULL),
(3014, 30, 11, 5, 1, NULL),
(3015, 30, 11, 7, 1, NULL),
(3016, 30, 11, 9, 1, NULL),
(3017, 30, 11, 10, 1, NULL),
(3018, 30, 11, 11, 1, NULL),
(3019, 30, 11, 12, 1, NULL),
(3020, 30, 11, 13, 1, NULL),
(3021, 30, 11, 14, 1, NULL),
(3022, 30, 11, 15, 1, NULL),
(3023, 30, 11, 16, 1, NULL),
(3024, 30, 12, 1, 1, NULL),
(3025, 30, 12, 3, 1, NULL),
(3026, 30, 12, 5, 1, NULL),
(3027, 30, 12, 7, 1, NULL),
(3028, 30, 12, 9, 1, NULL),
(3029, 30, 12, 10, 1, NULL),
(3030, 30, 12, 11, 1, NULL),
(3031, 30, 12, 12, 1, NULL),
(3032, 30, 12, 13, 1, NULL),
(3033, 30, 12, 14, 1, NULL),
(3034, 30, 12, 15, 1, NULL),
(3035, 30, 12, 16, 1, NULL),
(3036, 30, 13, 1, 1, NULL),
(3037, 30, 13, 3, 1, NULL),
(3038, 30, 13, 5, 1, NULL),
(3039, 30, 13, 7, 1, NULL),
(3040, 30, 13, 9, 1, NULL),
(3041, 30, 13, 10, 1, NULL),
(3042, 30, 13, 11, 1, NULL),
(3043, 30, 13, 12, 1, NULL),
(3044, 30, 13, 13, 1, NULL),
(3045, 30, 13, 14, 1, NULL),
(3046, 30, 13, 15, 1, NULL),
(3047, 30, 13, 16, 1, NULL),
(3594, 31, 1, 1, 1, NULL),
(3595, 31, 1, 3, 1, NULL),
(3596, 31, 1, 5, 1, NULL),
(3597, 31, 1, 7, 1, NULL),
(3598, 31, 1, 9, 1, NULL),
(3599, 31, 1, 10, 1, NULL),
(3600, 31, 1, 14, 1, NULL),
(3601, 31, 2, 1, 1, NULL),
(3602, 31, 2, 3, 1, NULL),
(3603, 31, 2, 5, 1, NULL),
(3604, 31, 2, 7, 1, NULL),
(3605, 31, 2, 9, 1, NULL),
(3606, 31, 2, 10, 1, NULL),
(3607, 31, 2, 14, 1, NULL),
(3608, 31, 3, 1, 1, NULL),
(3609, 31, 3, 3, 1, NULL),
(3610, 31, 3, 5, 1, NULL),
(3611, 31, 3, 7, 1, NULL),
(3612, 31, 3, 9, 1, NULL),
(3613, 31, 3, 10, 1, NULL),
(3614, 31, 3, 14, 1, NULL),
(3615, 31, 4, 1, 1, NULL),
(3616, 31, 4, 3, 1, NULL),
(3617, 31, 4, 5, 1, NULL),
(3618, 31, 4, 7, 1, NULL),
(3619, 31, 4, 9, 1, NULL),
(3620, 31, 4, 10, 1, NULL),
(3621, 31, 4, 14, 1, NULL),
(3622, 31, 5, 1, 1, NULL),
(3623, 31, 5, 3, 1, NULL),
(3624, 31, 5, 5, 1, NULL),
(3625, 31, 5, 7, 1, NULL),
(3626, 31, 5, 9, 1, NULL),
(3627, 31, 5, 10, 1, NULL),
(3628, 31, 5, 14, 1, NULL),
(3629, 31, 6, 1, 1, NULL),
(3630, 31, 6, 3, 1, NULL),
(3631, 31, 6, 5, 1, NULL),
(3632, 31, 6, 7, 1, NULL),
(3633, 31, 6, 9, 1, NULL),
(3634, 31, 6, 10, 1, NULL),
(3635, 31, 6, 14, 1, NULL),
(3636, 31, 7, 1, 1, NULL),
(3637, 31, 7, 3, 1, NULL),
(3638, 31, 7, 5, 1, NULL),
(3639, 31, 7, 7, 1, NULL),
(3640, 31, 7, 9, 1, NULL),
(3641, 31, 7, 10, 1, NULL),
(3642, 31, 7, 14, 1, NULL),
(3643, 31, 8, 1, 1, NULL),
(3644, 31, 8, 3, 1, NULL),
(3645, 31, 8, 5, 1, NULL),
(3646, 31, 8, 7, 1, NULL),
(3647, 31, 8, 9, 1, NULL),
(3648, 31, 8, 10, 1, NULL),
(3649, 31, 8, 14, 1, NULL),
(3650, 31, 9, 1, 1, NULL),
(3651, 31, 9, 3, 1, NULL),
(3652, 31, 9, 5, 1, NULL),
(3653, 31, 9, 7, 1, NULL),
(3654, 31, 9, 9, 1, NULL),
(3655, 31, 9, 10, 1, NULL),
(3656, 31, 9, 14, 1, NULL),
(3657, 31, 10, 1, 1, NULL),
(3658, 31, 10, 3, 1, NULL),
(3659, 31, 10, 5, 1, NULL),
(3660, 31, 10, 7, 1, NULL),
(3661, 31, 10, 9, 1, NULL),
(3662, 31, 10, 10, 1, NULL),
(3663, 31, 10, 14, 1, NULL),
(3664, 31, 11, 1, 1, NULL),
(3665, 31, 11, 3, 1, NULL),
(3666, 31, 11, 5, 1, NULL),
(3667, 31, 11, 7, 1, NULL),
(3668, 31, 11, 9, 1, NULL),
(3669, 31, 11, 10, 1, NULL),
(3670, 31, 11, 14, 1, NULL),
(3671, 31, 12, 1, 1, NULL),
(3672, 31, 12, 3, 1, NULL),
(3673, 31, 12, 5, 1, NULL),
(3674, 31, 12, 7, 1, NULL),
(3675, 31, 12, 9, 1, NULL),
(3676, 31, 12, 10, 1, NULL),
(3677, 31, 12, 14, 1, NULL),
(3678, 31, 13, 1, 1, NULL),
(3679, 31, 13, 3, 1, NULL),
(3680, 31, 13, 5, 1, NULL),
(3681, 31, 13, 7, 1, NULL),
(3682, 31, 13, 9, 1, NULL),
(3683, 31, 13, 10, 1, NULL),
(3684, 31, 13, 14, 1, NULL),
(3685, 31, 1, 1, 2, NULL),
(3686, 31, 1, 3, 2, NULL),
(3687, 31, 1, 5, 2, NULL),
(3688, 31, 1, 7, 2, NULL),
(3689, 31, 1, 9, 2, NULL),
(3690, 31, 1, 10, 2, NULL),
(3691, 31, 1, 14, 2, NULL),
(3692, 31, 2, 1, 2, NULL),
(3693, 31, 2, 3, 2, NULL),
(3694, 31, 2, 5, 2, NULL),
(3695, 31, 2, 7, 2, NULL),
(3696, 31, 2, 9, 2, NULL),
(3697, 31, 2, 10, 2, NULL),
(3698, 31, 2, 14, 2, NULL),
(3699, 31, 3, 1, 2, NULL),
(3700, 31, 3, 3, 2, NULL),
(3701, 31, 3, 5, 2, NULL),
(3702, 31, 3, 7, 2, NULL),
(3703, 31, 3, 9, 2, NULL),
(3704, 31, 3, 10, 2, NULL),
(3705, 31, 3, 14, 2, NULL),
(3706, 31, 4, 1, 2, NULL),
(3707, 31, 4, 3, 2, NULL),
(3708, 31, 4, 5, 2, NULL),
(3709, 31, 4, 7, 2, NULL),
(3710, 31, 4, 9, 2, NULL),
(3711, 31, 4, 10, 2, NULL),
(3712, 31, 4, 14, 2, NULL),
(3713, 31, 5, 1, 2, NULL),
(3714, 31, 5, 3, 2, NULL),
(3715, 31, 5, 5, 2, NULL),
(3716, 31, 5, 7, 2, NULL),
(3717, 31, 5, 9, 2, NULL),
(3718, 31, 5, 10, 2, NULL),
(3719, 31, 5, 14, 2, NULL),
(3720, 31, 6, 1, 2, NULL),
(3721, 31, 6, 3, 2, NULL),
(3722, 31, 6, 5, 2, NULL),
(3723, 31, 6, 7, 2, NULL),
(3724, 31, 6, 9, 2, NULL),
(3725, 31, 6, 10, 2, NULL),
(3726, 31, 6, 14, 2, NULL),
(3727, 31, 7, 1, 2, NULL),
(3728, 31, 7, 3, 2, NULL),
(3729, 31, 7, 5, 2, NULL),
(3730, 31, 7, 7, 2, NULL),
(3731, 31, 7, 9, 2, NULL),
(3732, 31, 7, 10, 2, NULL),
(3733, 31, 7, 14, 2, NULL),
(3734, 31, 8, 1, 2, NULL),
(3735, 31, 8, 3, 2, NULL),
(3736, 31, 8, 5, 2, NULL),
(3737, 31, 8, 7, 2, NULL),
(3738, 31, 8, 9, 2, NULL),
(3739, 31, 8, 10, 2, NULL),
(3740, 31, 8, 14, 2, NULL),
(3741, 31, 9, 1, 2, NULL),
(3742, 31, 9, 3, 2, NULL),
(3743, 31, 9, 5, 2, NULL),
(3744, 31, 9, 7, 2, NULL),
(3745, 31, 9, 9, 2, NULL),
(3746, 31, 9, 10, 2, NULL),
(3747, 31, 9, 14, 2, NULL),
(3748, 31, 10, 1, 2, NULL),
(3749, 31, 10, 3, 2, NULL),
(3750, 31, 10, 5, 2, NULL),
(3751, 31, 10, 7, 2, NULL),
(3752, 31, 10, 9, 2, NULL),
(3753, 31, 10, 10, 2, NULL),
(3754, 31, 10, 14, 2, NULL),
(3755, 31, 11, 1, 2, NULL),
(3756, 31, 11, 3, 2, NULL),
(3757, 31, 11, 5, 2, NULL),
(3758, 31, 11, 7, 2, NULL),
(3759, 31, 11, 9, 2, NULL),
(3760, 31, 11, 10, 2, NULL),
(3761, 31, 11, 14, 2, NULL),
(3762, 31, 12, 1, 2, NULL),
(3763, 31, 12, 3, 2, NULL),
(3764, 31, 12, 5, 2, NULL),
(3765, 31, 12, 7, 2, NULL),
(3766, 31, 12, 9, 2, NULL),
(3767, 31, 12, 10, 2, NULL),
(3768, 31, 12, 14, 2, NULL),
(3769, 31, 13, 1, 2, NULL),
(3770, 31, 13, 3, 2, NULL),
(3771, 31, 13, 5, 2, NULL),
(3772, 31, 13, 7, 2, NULL),
(3773, 31, 13, 9, 2, NULL),
(3774, 31, 13, 10, 2, NULL),
(3775, 31, 13, 14, 2, NULL),
(3776, 31, 1, 1, 3, NULL),
(3777, 31, 1, 3, 3, NULL),
(3778, 31, 1, 5, 3, NULL),
(3779, 31, 1, 7, 3, NULL),
(3780, 31, 1, 9, 3, NULL),
(3781, 31, 1, 10, 3, NULL),
(3782, 31, 1, 14, 3, NULL),
(3783, 31, 2, 1, 3, NULL),
(3784, 31, 2, 3, 3, NULL),
(3785, 31, 2, 5, 3, NULL),
(3786, 31, 2, 7, 3, NULL),
(3787, 31, 2, 9, 3, NULL),
(3788, 31, 2, 10, 3, NULL),
(3789, 31, 2, 14, 3, NULL),
(3790, 31, 3, 1, 3, NULL),
(3791, 31, 3, 3, 3, NULL),
(3792, 31, 3, 5, 3, NULL),
(3793, 31, 3, 7, 3, NULL),
(3794, 31, 3, 9, 3, NULL),
(3795, 31, 3, 10, 3, NULL),
(3796, 31, 3, 14, 3, NULL),
(3797, 31, 4, 1, 3, NULL),
(3798, 31, 4, 3, 3, NULL),
(3799, 31, 4, 5, 3, NULL),
(3800, 31, 4, 7, 3, NULL),
(3801, 31, 4, 9, 3, NULL),
(3802, 31, 4, 10, 3, NULL),
(3803, 31, 4, 14, 3, NULL),
(3804, 31, 5, 1, 3, NULL),
(3805, 31, 5, 3, 3, NULL),
(3806, 31, 5, 5, 3, NULL),
(3807, 31, 5, 7, 3, NULL),
(3808, 31, 5, 9, 3, NULL),
(3809, 31, 5, 10, 3, NULL),
(3810, 31, 5, 14, 3, NULL),
(3811, 31, 6, 1, 3, NULL),
(3812, 31, 6, 3, 3, NULL),
(3813, 31, 6, 5, 3, NULL),
(3814, 31, 6, 7, 3, NULL),
(3815, 31, 6, 9, 3, NULL),
(3816, 31, 6, 10, 3, NULL),
(3817, 31, 6, 14, 3, NULL),
(3818, 31, 7, 1, 3, NULL),
(3819, 31, 7, 3, 3, NULL),
(3820, 31, 7, 5, 3, NULL),
(3821, 31, 7, 7, 3, NULL),
(3822, 31, 7, 9, 3, NULL),
(3823, 31, 7, 10, 3, NULL),
(3824, 31, 7, 14, 3, NULL),
(3825, 31, 8, 1, 3, NULL),
(3826, 31, 8, 3, 3, NULL),
(3827, 31, 8, 5, 3, NULL),
(3828, 31, 8, 7, 3, NULL),
(3829, 31, 8, 9, 3, NULL),
(3830, 31, 8, 10, 3, NULL),
(3831, 31, 8, 14, 3, NULL),
(3832, 31, 9, 1, 3, NULL),
(3833, 31, 9, 3, 3, NULL),
(3834, 31, 9, 5, 3, NULL),
(3835, 31, 9, 7, 3, NULL),
(3836, 31, 9, 9, 3, NULL),
(3837, 31, 9, 10, 3, NULL),
(3838, 31, 9, 14, 3, NULL),
(3839, 31, 10, 1, 3, NULL),
(3840, 31, 10, 3, 3, NULL),
(3841, 31, 10, 5, 3, NULL),
(3842, 31, 10, 7, 3, NULL),
(3843, 31, 10, 9, 3, NULL),
(3844, 31, 10, 10, 3, NULL),
(3845, 31, 10, 14, 3, NULL),
(3846, 31, 11, 1, 3, NULL),
(3847, 31, 11, 3, 3, NULL),
(3848, 31, 11, 5, 3, NULL),
(3849, 31, 11, 7, 3, NULL),
(3850, 31, 11, 9, 3, NULL),
(3851, 31, 11, 10, 3, NULL),
(3852, 31, 11, 14, 3, NULL),
(3853, 31, 12, 1, 3, NULL),
(3854, 31, 12, 3, 3, NULL),
(3855, 31, 12, 5, 3, NULL),
(3856, 31, 12, 7, 3, NULL),
(3857, 31, 12, 9, 3, NULL),
(3858, 31, 12, 10, 3, NULL),
(3859, 31, 12, 14, 3, NULL),
(3860, 31, 13, 1, 3, NULL),
(3861, 31, 13, 3, 3, NULL),
(3862, 31, 13, 5, 3, NULL),
(3863, 31, 13, 7, 3, NULL),
(3864, 31, 13, 9, 3, NULL),
(3865, 31, 13, 10, 3, NULL),
(3866, 31, 13, 14, 3, NULL),
(3867, 31, 1, 1, 4, NULL),
(3868, 31, 1, 3, 4, NULL),
(3869, 31, 1, 5, 4, NULL),
(3870, 31, 1, 7, 4, NULL),
(3871, 31, 1, 9, 4, NULL),
(3872, 31, 1, 10, 4, NULL),
(3873, 31, 1, 14, 4, NULL),
(3874, 31, 2, 1, 4, NULL),
(3875, 31, 2, 3, 4, NULL),
(3876, 31, 2, 5, 4, NULL),
(3877, 31, 2, 7, 4, NULL),
(3878, 31, 2, 9, 4, NULL),
(3879, 31, 2, 10, 4, NULL),
(3880, 31, 2, 14, 4, NULL),
(3881, 31, 3, 1, 4, NULL),
(3882, 31, 3, 3, 4, NULL),
(3883, 31, 3, 5, 4, NULL),
(3884, 31, 3, 7, 4, NULL),
(3885, 31, 3, 9, 4, NULL),
(3886, 31, 3, 10, 4, NULL),
(3887, 31, 3, 14, 4, NULL),
(3888, 31, 4, 1, 4, NULL),
(3889, 31, 4, 3, 4, NULL),
(3890, 31, 4, 5, 4, NULL),
(3891, 31, 4, 7, 4, NULL),
(3892, 31, 4, 9, 4, NULL),
(3893, 31, 4, 10, 4, NULL),
(3894, 31, 4, 14, 4, NULL),
(3895, 31, 5, 1, 4, NULL),
(3896, 31, 5, 3, 4, NULL),
(3897, 31, 5, 5, 4, NULL),
(3898, 31, 5, 7, 4, NULL),
(3899, 31, 5, 9, 4, NULL),
(3900, 31, 5, 10, 4, NULL),
(3901, 31, 5, 14, 4, NULL),
(3902, 31, 6, 1, 4, NULL),
(3903, 31, 6, 3, 4, NULL),
(3904, 31, 6, 5, 4, NULL),
(3905, 31, 6, 7, 4, NULL),
(3906, 31, 6, 9, 4, NULL),
(3907, 31, 6, 10, 4, NULL),
(3908, 31, 6, 14, 4, NULL),
(3909, 31, 7, 1, 4, NULL),
(3910, 31, 7, 3, 4, NULL),
(3911, 31, 7, 5, 4, NULL),
(3912, 31, 7, 7, 4, NULL),
(3913, 31, 7, 9, 4, NULL),
(3914, 31, 7, 10, 4, NULL),
(3915, 31, 7, 14, 4, NULL),
(3916, 31, 8, 1, 4, NULL),
(3917, 31, 8, 3, 4, NULL),
(3918, 31, 8, 5, 4, NULL),
(3919, 31, 8, 7, 4, NULL),
(3920, 31, 8, 9, 4, NULL),
(3921, 31, 8, 10, 4, NULL),
(3922, 31, 8, 14, 4, NULL),
(3923, 31, 9, 1, 4, NULL),
(3924, 31, 9, 3, 4, NULL),
(3925, 31, 9, 5, 4, NULL),
(3926, 31, 9, 7, 4, NULL),
(3927, 31, 9, 9, 4, NULL),
(3928, 31, 9, 10, 4, NULL),
(3929, 31, 9, 14, 4, NULL),
(3930, 31, 10, 1, 4, NULL),
(3931, 31, 10, 3, 4, NULL),
(3932, 31, 10, 5, 4, NULL),
(3933, 31, 10, 7, 4, NULL),
(3934, 31, 10, 9, 4, NULL),
(3935, 31, 10, 10, 4, NULL),
(3936, 31, 10, 14, 4, NULL),
(3937, 31, 11, 1, 4, NULL),
(3938, 31, 11, 3, 4, NULL),
(3939, 31, 11, 5, 4, NULL),
(3940, 31, 11, 7, 4, NULL),
(3941, 31, 11, 9, 4, NULL),
(3942, 31, 11, 10, 4, NULL),
(3943, 31, 11, 14, 4, NULL),
(3944, 31, 12, 1, 4, NULL),
(3945, 31, 12, 3, 4, NULL),
(3946, 31, 12, 5, 4, NULL),
(3947, 31, 12, 7, 4, NULL),
(3948, 31, 12, 9, 4, NULL),
(3949, 31, 12, 10, 4, NULL),
(3950, 31, 12, 14, 4, NULL),
(3951, 31, 13, 1, 4, NULL),
(3952, 31, 13, 3, 4, NULL),
(3953, 31, 13, 5, 4, NULL),
(3954, 31, 13, 7, 4, NULL),
(3955, 31, 13, 9, 4, NULL),
(3956, 31, 13, 10, 4, NULL),
(3957, 31, 13, 14, 4, NULL),
(3958, 31, 1, 1, 5, NULL),
(3959, 31, 1, 3, 5, NULL),
(3960, 31, 1, 5, 5, NULL),
(3961, 31, 1, 7, 5, NULL),
(3962, 31, 1, 9, 5, NULL),
(3963, 31, 1, 10, 5, NULL),
(3964, 31, 1, 14, 5, NULL),
(3965, 31, 2, 1, 5, NULL),
(3966, 31, 2, 3, 5, NULL),
(3967, 31, 2, 5, 5, NULL),
(3968, 31, 2, 7, 5, NULL),
(3969, 31, 2, 9, 5, NULL),
(3970, 31, 2, 10, 5, NULL),
(3971, 31, 2, 14, 5, NULL),
(3972, 31, 3, 1, 5, NULL),
(3973, 31, 3, 3, 5, NULL),
(3974, 31, 3, 5, 5, NULL),
(3975, 31, 3, 7, 5, NULL),
(3976, 31, 3, 9, 5, NULL),
(3977, 31, 3, 10, 5, NULL),
(3978, 31, 3, 14, 5, NULL),
(3979, 31, 4, 1, 5, NULL),
(3980, 31, 4, 3, 5, NULL),
(3981, 31, 4, 5, 5, NULL),
(3982, 31, 4, 7, 5, NULL),
(3983, 31, 4, 9, 5, NULL),
(3984, 31, 4, 10, 5, NULL),
(3985, 31, 4, 14, 5, NULL),
(3986, 31, 5, 1, 5, NULL),
(3987, 31, 5, 3, 5, NULL),
(3988, 31, 5, 5, 5, NULL),
(3989, 31, 5, 7, 5, NULL),
(3990, 31, 5, 9, 5, NULL),
(3991, 31, 5, 10, 5, NULL),
(3992, 31, 5, 14, 5, NULL),
(3993, 31, 6, 1, 5, NULL),
(3994, 31, 6, 3, 5, NULL),
(3995, 31, 6, 5, 5, NULL),
(3996, 31, 6, 7, 5, NULL),
(3997, 31, 6, 9, 5, NULL),
(3998, 31, 6, 10, 5, NULL),
(3999, 31, 6, 14, 5, NULL),
(4000, 31, 7, 1, 5, NULL),
(4001, 31, 7, 3, 5, NULL),
(4002, 31, 7, 5, 5, NULL),
(4003, 31, 7, 7, 5, NULL),
(4004, 31, 7, 9, 5, NULL),
(4005, 31, 7, 10, 5, NULL),
(4006, 31, 7, 14, 5, NULL),
(4007, 31, 8, 1, 5, NULL),
(4008, 31, 8, 3, 5, NULL),
(4009, 31, 8, 5, 5, NULL),
(4010, 31, 8, 7, 5, NULL),
(4011, 31, 8, 9, 5, NULL),
(4012, 31, 8, 10, 5, NULL),
(4013, 31, 8, 14, 5, NULL),
(4014, 31, 9, 1, 5, NULL),
(4015, 31, 9, 3, 5, NULL),
(4016, 31, 9, 5, 5, NULL),
(4017, 31, 9, 7, 5, NULL),
(4018, 31, 9, 9, 5, NULL),
(4019, 31, 9, 10, 5, NULL),
(4020, 31, 9, 14, 5, NULL),
(4021, 31, 10, 1, 5, NULL),
(4022, 31, 10, 3, 5, NULL),
(4023, 31, 10, 5, 5, NULL),
(4024, 31, 10, 7, 5, NULL),
(4025, 31, 10, 9, 5, NULL),
(4026, 31, 10, 10, 5, NULL),
(4027, 31, 10, 14, 5, NULL),
(4028, 31, 11, 1, 5, NULL),
(4029, 31, 11, 3, 5, NULL),
(4030, 31, 11, 5, 5, NULL),
(4031, 31, 11, 7, 5, NULL),
(4032, 31, 11, 9, 5, NULL),
(4033, 31, 11, 10, 5, NULL),
(4034, 31, 11, 14, 5, NULL),
(4035, 31, 12, 1, 5, NULL),
(4036, 31, 12, 3, 5, NULL),
(4037, 31, 12, 5, 5, NULL),
(4038, 31, 12, 7, 5, NULL),
(4039, 31, 12, 9, 5, NULL),
(4040, 31, 12, 10, 5, NULL),
(4041, 31, 12, 14, 5, NULL),
(4042, 31, 13, 1, 5, NULL),
(4043, 31, 13, 3, 5, NULL),
(4044, 31, 13, 5, 5, NULL),
(4045, 31, 13, 7, 5, NULL),
(4046, 31, 13, 9, 5, NULL),
(4047, 31, 13, 10, 5, NULL),
(4048, 31, 13, 14, 5, NULL),
(4049, 31, 1, 1, 6, NULL),
(4050, 31, 1, 3, 6, NULL),
(4051, 31, 1, 5, 6, NULL),
(4052, 31, 1, 7, 6, NULL),
(4053, 31, 1, 9, 6, NULL),
(4054, 31, 1, 10, 6, NULL),
(4055, 31, 1, 14, 6, NULL),
(4056, 31, 2, 1, 6, NULL),
(4057, 31, 2, 3, 6, NULL),
(4058, 31, 2, 5, 6, NULL),
(4059, 31, 2, 7, 6, NULL),
(4060, 31, 2, 9, 6, NULL),
(4061, 31, 2, 10, 6, NULL),
(4062, 31, 2, 14, 6, NULL),
(4063, 31, 3, 1, 6, NULL),
(4064, 31, 3, 3, 6, NULL),
(4065, 31, 3, 5, 6, NULL),
(4066, 31, 3, 7, 6, NULL),
(4067, 31, 3, 9, 6, NULL),
(4068, 31, 3, 10, 6, NULL),
(4069, 31, 3, 14, 6, NULL),
(4070, 31, 4, 1, 6, NULL),
(4071, 31, 4, 3, 6, NULL),
(4072, 31, 4, 5, 6, NULL),
(4073, 31, 4, 7, 6, NULL),
(4074, 31, 4, 9, 6, NULL),
(4075, 31, 4, 10, 6, NULL),
(4076, 31, 4, 14, 6, NULL),
(4077, 31, 5, 1, 6, NULL),
(4078, 31, 5, 3, 6, NULL),
(4079, 31, 5, 5, 6, NULL),
(4080, 31, 5, 7, 6, NULL),
(4081, 31, 5, 9, 6, NULL),
(4082, 31, 5, 10, 6, NULL),
(4083, 31, 5, 14, 6, NULL),
(4084, 31, 6, 1, 6, NULL),
(4085, 31, 6, 3, 6, NULL),
(4086, 31, 6, 5, 6, NULL),
(4087, 31, 6, 7, 6, NULL),
(4088, 31, 6, 9, 6, NULL),
(4089, 31, 6, 10, 6, NULL),
(4090, 31, 6, 14, 6, NULL),
(4091, 31, 7, 1, 6, NULL),
(4092, 31, 7, 3, 6, NULL),
(4093, 31, 7, 5, 6, NULL),
(4094, 31, 7, 7, 6, NULL),
(4095, 31, 7, 9, 6, NULL),
(4096, 31, 7, 10, 6, NULL),
(4097, 31, 7, 14, 6, NULL),
(4098, 31, 8, 1, 6, NULL),
(4099, 31, 8, 3, 6, NULL),
(4100, 31, 8, 5, 6, NULL),
(4101, 31, 8, 7, 6, NULL),
(4102, 31, 8, 9, 6, NULL),
(4103, 31, 8, 10, 6, NULL),
(4104, 31, 8, 14, 6, NULL),
(4105, 31, 9, 1, 6, NULL),
(4106, 31, 9, 3, 6, NULL),
(4107, 31, 9, 5, 6, NULL),
(4108, 31, 9, 7, 6, NULL),
(4109, 31, 9, 9, 6, NULL),
(4110, 31, 9, 10, 6, NULL),
(4111, 31, 9, 14, 6, NULL),
(4112, 31, 10, 1, 6, NULL),
(4113, 31, 10, 3, 6, NULL),
(4114, 31, 10, 5, 6, NULL),
(4115, 31, 10, 7, 6, NULL),
(4116, 31, 10, 9, 6, NULL),
(4117, 31, 10, 10, 6, NULL),
(4118, 31, 10, 14, 6, NULL),
(4119, 31, 11, 1, 6, NULL),
(4120, 31, 11, 3, 6, NULL),
(4121, 31, 11, 5, 6, NULL),
(4122, 31, 11, 7, 6, NULL),
(4123, 31, 11, 9, 6, NULL),
(4124, 31, 11, 10, 6, NULL),
(4125, 31, 11, 14, 6, NULL),
(4126, 31, 12, 1, 6, NULL),
(4127, 31, 12, 3, 6, NULL),
(4128, 31, 12, 5, 6, NULL),
(4129, 31, 12, 7, 6, NULL),
(4130, 31, 12, 9, 6, NULL),
(4131, 31, 12, 10, 6, NULL),
(4132, 31, 12, 14, 6, NULL),
(4133, 31, 13, 1, 6, NULL),
(4134, 31, 13, 3, 6, NULL),
(4135, 31, 13, 5, 6, NULL),
(4136, 31, 13, 7, 6, NULL),
(4137, 31, 13, 9, 6, NULL),
(4138, 31, 13, 10, 6, NULL),
(4139, 31, 13, 14, 6, NULL),
(4140, 32, 4, 3, 1, NULL),
(4141, 33, 1, 16, 4, NULL),
(4142, 34, 1, 16, 6, NULL),
(4143, 36, 3, 16, 4, NULL),
(4144, 37, 1, 16, 4, NULL),
(4145, 38, 1, 15, 4, NULL),
(4147, 39, 1, 1, 1, NULL),
(4148, 40, 1, 3, 1, NULL),
(4149, 40, 2, 3, 1, NULL),
(4150, 40, 3, 3, 1, NULL),
(4151, 41, 4, 1, 4, NULL),
(4152, 42, 1, 16, 4, NULL),
(4153, 42, 2, 16, 4, NULL),
(4154, 42, 3, 16, 4, NULL),
(4155, 42, 4, 16, 4, NULL),
(4156, 42, 5, 16, 4, NULL),
(4157, 1, 1, 3, 1, 1),
(4158, 1, 1, 3, 1, 11),
(4159, 1, 2, 3, 1, 1),
(4160, 1, 2, 3, 1, 11),
(4161, 1, 3, 3, 1, 1),
(4162, 1, 3, 3, 1, 11),
(4163, 1, 1, 3, 3, 1),
(4164, 1, 1, 3, 3, 11),
(4165, 1, 2, 3, 3, 1),
(4166, 1, 2, 3, 3, 11),
(4167, 1, 3, 3, 3, 1),
(4168, 1, 3, 3, 3, 11),
(4169, 1, 1, 3, 4, 1),
(4170, 1, 1, 3, 4, 11),
(4171, 1, 2, 3, 4, 1),
(4172, 1, 2, 3, 4, 11),
(4173, 1, 3, 3, 4, 1),
(4174, 1, 3, 3, 4, 11),
(4175, 44, 1, 1, 4, 11),
(4176, 45, 1, 1, 4, 11),
(4177, 46, 1, 16, 4, 11),
(4178, 47, 10, 1, 1, 11),
(4180, 49, 1, 16, 4, 11),
(4181, 50, 1, 16, 4, 11),
(4182, 51, 1, 16, 4, 11),
(4183, 51, 2, 16, 4, 11),
(4184, 51, 3, 16, 4, 11),
(4185, 51, 4, 16, 4, 11),
(4186, 51, 5, 16, 4, 11),
(4187, 51, 6, 16, 4, 11),
(4188, 51, 7, 16, 4, 11),
(4189, 51, 8, 16, 4, 11),
(4190, 51, 9, 16, 4, 11),
(4191, 51, 10, 16, 4, 11),
(4192, 51, 11, 16, 4, 11),
(4193, 52, 1, 16, 4, 11),
(4194, 53, 1, 16, 4, 11),
(4195, 54, 1, 1, 1, 11),
(4196, 55, 6, 10, 1, 11),
(4197, 55, 7, 10, 1, 11),
(4198, 56, 1, 1, 9, 11),
(4199, 57, 9, 3, 1, 11),
(4200, 58, 1, 1, 4, 11),
(4201, 59, 1, 3, 12, 1),
(4204, 48, 1, 16, 4, 11),
(4205, 61, 4, 1, 1, 11),
(4206, 62, 1, 5, 1, 11),
(4207, 63, 1, 1, 1, 1),
(4208, 7, 1, 16, 4, 1),
(4209, 7, 1, 16, 4, 11),
(4210, 7, 2, 16, 4, 1),
(4211, 7, 2, 16, 4, 11),
(4212, 7, 3, 16, 4, 1),
(4213, 7, 3, 16, 4, 11),
(4214, 7, 4, 16, 4, 1),
(4215, 7, 4, 16, 4, 11),
(4216, 7, 5, 16, 4, 1),
(4217, 7, 5, 16, 4, 11),
(4218, 7, 6, 16, 4, 1),
(4219, 7, 6, 16, 4, 11),
(4220, 7, 7, 16, 4, 1),
(4221, 7, 7, 16, 4, 11),
(4222, 7, 8, 16, 4, 1),
(4223, 7, 8, 16, 4, 11),
(4224, 7, 9, 16, 4, 1),
(4225, 7, 9, 16, 4, 11),
(4226, 7, 10, 16, 4, 1),
(4227, 7, 10, 16, 4, 11),
(4228, 7, 11, 16, 4, 1),
(4229, 7, 11, 16, 4, 11),
(4230, 7, 12, 16, 4, 1),
(4231, 7, 12, 16, 4, 11),
(4232, 7, 13, 16, 4, 1),
(4233, 7, 13, 16, 4, 11);

-- --------------------------------------------------------

--
-- Table structure for table `Warehouses`
--

CREATE TABLE `Warehouses` (
  `wh_id` int NOT NULL,
  `wh_code` varchar(50) DEFAULT NULL,
  `wh_name` varchar(50) DEFAULT NULL,
  `wh_person` varchar(50) DEFAULT NULL,
  `wh_email` varchar(50) DEFAULT NULL,
  `wh_phone` varchar(50) DEFAULT NULL,
  `wh_address` varchar(50) DEFAULT NULL,
  `wh_status` tinyint(1) NOT NULL DEFAULT '1',
  `wh_flag` tinyint(1) DEFAULT '1'
) ENGINE=InnoDB DEFAULT CHARSET=latin1;

--
-- Dumping data for table `Warehouses`
--

INSERT INTO `Warehouses` (`wh_id`, `wh_code`, `wh_name`, `wh_person`, `wh_email`, `wh_phone`, `wh_address`, `wh_status`, `wh_flag`) VALUES
(1, 'DTL', 'Data Technologies Lahore', 'Asif', 'asif@datatechnologies.com.pk', '32562315155', 'bobtya chowk lhr', 1, 1),
(2, 'DTK', 'Data Technologies karachi', 'Shahid Khan', 'shahid@datetechnologies.com.pk', '32562315156', '10a safari villas bahria town karachi', 1, 1);

--
-- Indexes for dumped tables
--

--
-- Indexes for table `academic_session`
--
ALTER TABLE `academic_session`
  ADD PRIMARY KEY (`id`);

--
-- Indexes for table `bin_info`
--
ALTER TABLE `bin_info`
  ADD PRIMARY KEY (`id`);

--
-- Indexes for table `categories`
--
ALTER TABLE `categories`
  ADD PRIMARY KEY (`id`);

--
-- Indexes for table `clients`
--
ALTER TABLE `clients`
  ADD PRIMARY KEY (`sch_id`);

--
-- Indexes for table `client_other_contact_details`
--
ALTER TABLE `client_other_contact_details`
  ADD PRIMARY KEY (`id`);

--
-- Indexes for table `client_stock_in_billing`
--
ALTER TABLE `client_stock_in_billing`
  ADD PRIMARY KEY (`id`);

--
-- Indexes for table `client_stock_out_rates`
--
ALTER TABLE `client_stock_out_rates`
  ADD PRIMARY KEY (`id`);

--
-- Indexes for table `client_stock_requests`
--
ALTER TABLE `client_stock_requests`
  ADD PRIMARY KEY (`id`),
  ADD KEY `client_stock_requests_client_id_foreign` (`client_id`),
  ADD KEY `client_stock_requests_category_id_foreign` (`category_id`);

--
-- Indexes for table `failed_jobs`
--
ALTER TABLE `failed_jobs`
  ADD PRIMARY KEY (`id`),
  ADD UNIQUE KEY `failed_jobs_uuid_unique` (`uuid`);

--
-- Indexes for table `grn`
--
ALTER TABLE `grn`
  ADD PRIMARY KEY (`grn_id`),
  ADD KEY `vend_id` (`vend_id`),
  ADD KEY `grn_created_id` (`grn_created_id`),
  ADD KEY `sch_id` (`client_id`);

--
-- Indexes for table `grn_details`
--
ALTER TABLE `grn_details`
  ADD PRIMARY KEY (`grnd_id`),
  ADD KEY `grn_id` (`grn_id`);

--
-- Indexes for table `item`
--
ALTER TABLE `item`
  ADD PRIMARY KEY (`item_id`);

--
-- Indexes for table `item_stock`
--
ALTER TABLE `item_stock`
  ADD PRIMARY KEY (`its_id`),
  ADD KEY `grnd_id` (`grnd_id`);

--
-- Indexes for table `legal_types`
--
ALTER TABLE `legal_types`
  ADD PRIMARY KEY (`id`);

--
-- Indexes for table `main_stock_total`
--
ALTER TABLE `main_stock_total`
  ADD PRIMARY KEY (`id`);

--
-- Indexes for table `migrations`
--
ALTER TABLE `migrations`
  ADD PRIMARY KEY (`id`);

--
-- Indexes for table `password_resets`
--
ALTER TABLE `password_resets`
  ADD KEY `password_resets_email_index` (`email`);

--
-- Indexes for table `personal_access_tokens`
--
ALTER TABLE `personal_access_tokens`
  ADD PRIMARY KEY (`id`),
  ADD UNIQUE KEY `personal_access_tokens_token_unique` (`token`),
  ADD KEY `personal_access_tokens_tokenable_type_tokenable_id_index` (`tokenable_type`,`tokenable_id`);

--
-- Indexes for table `product_fulfillment_rate`
--
ALTER TABLE `product_fulfillment_rate`
  ADD PRIMARY KEY (`pitem_det_id`),
  ADD KEY `cls_id` (`fee_order`),
  ADD KEY `pub_id` (`end_order`),
  ADD KEY `sch_id` (`client_id`),
  ADD KEY `sub_id` (`start_order`);

--
-- Indexes for table `product_fulfillment_rate_2`
--
ALTER TABLE `product_fulfillment_rate_2`
  ADD PRIMARY KEY (`pitem_det_id`),
  ADD KEY `cls_id` (`fee_item`),
  ADD KEY `pub_id` (`end_item`),
  ADD KEY `sch_id` (`client_id`),
  ADD KEY `sub_id` (`start_item`);

--
-- Indexes for table `product_item`
--
ALTER TABLE `product_item`
  ADD PRIMARY KEY (`pitem_id`),
  ADD KEY `product_item_category_id_foreign` (`category_id`);

--
-- Indexes for table `product_items_details`
--
ALTER TABLE `product_items_details`
  ADD PRIMARY KEY (`pitem_det_id`),
  ADD KEY `cls_id` (`fee`),
  ADD KEY `item_id` (`item_id`),
  ADD KEY `pitem_id` (`pitem_id`),
  ADD KEY `pub_id` (`end`),
  ADD KEY `sch_id` (`client_id`),
  ADD KEY `sub_id` (`start`);

--
-- Indexes for table `rack`
--
ALTER TABLE `rack`
  ADD PRIMARY KEY (`rk_id`),
  ADD KEY `wh_id` (`wh_id`);

--
-- Indexes for table `row_info`
--
ALTER TABLE `row_info`
  ADD PRIMARY KEY (`id`);

--
-- Indexes for table `users`
--
ALTER TABLE `users`
  ADD PRIMARY KEY (`id`),
  ADD UNIQUE KEY `users_email_unique` (`email`);

--
-- Indexes for table `vendor`
--
ALTER TABLE `vendor`
  ADD PRIMARY KEY (`vend_id`);

--
-- Indexes for table `vendor_details`
--
ALTER TABLE `vendor_details`
  ADD PRIMARY KEY (`vd_id`),
  ADD KEY `item_id` (`item_id`),
  ADD KEY `sub_id` (`sub_id`),
  ADD KEY `vend_id` (`vend_id`),
  ADD KEY `cls_id` (`cls_id`);

--
-- Indexes for table `Warehouses`
--
ALTER TABLE `Warehouses`
  ADD PRIMARY KEY (`wh_id`);

--
-- AUTO_INCREMENT for dumped tables
--

--
-- AUTO_INCREMENT for table `academic_session`
--
ALTER TABLE `academic_session`
  MODIFY `id` int NOT NULL AUTO_INCREMENT, AUTO_INCREMENT=7;

--
-- AUTO_INCREMENT for table `bin_info`
--
ALTER TABLE `bin_info`
  MODIFY `id` int NOT NULL AUTO_INCREMENT, AUTO_INCREMENT=92;

--
-- AUTO_INCREMENT for table `categories`
--
ALTER TABLE `categories`
  MODIFY `id` bigint UNSIGNED NOT NULL AUTO_INCREMENT, AUTO_INCREMENT=7;

--
-- AUTO_INCREMENT for table `clients`
--
ALTER TABLE `clients`
  MODIFY `sch_id` int NOT NULL AUTO_INCREMENT, AUTO_INCREMENT=84;

--
-- AUTO_INCREMENT for table `client_other_contact_details`
--
ALTER TABLE `client_other_contact_details`
  MODIFY `id` int NOT NULL AUTO_INCREMENT, AUTO_INCREMENT=42;

--
-- AUTO_INCREMENT for table `client_stock_in_billing`
--
ALTER TABLE `client_stock_in_billing`
  MODIFY `id` int NOT NULL AUTO_INCREMENT, AUTO_INCREMENT=3;

--
-- AUTO_INCREMENT for table `client_stock_out_rates`
--
ALTER TABLE `client_stock_out_rates`
  MODIFY `id` bigint NOT NULL AUTO_INCREMENT, AUTO_INCREMENT=13;

--
-- AUTO_INCREMENT for table `client_stock_requests`
--
ALTER TABLE `client_stock_requests`
  MODIFY `id` bigint UNSIGNED NOT NULL AUTO_INCREMENT, AUTO_INCREMENT=59;

--
-- AUTO_INCREMENT for table `failed_jobs`
--
ALTER TABLE `failed_jobs`
  MODIFY `id` bigint UNSIGNED NOT NULL AUTO_INCREMENT;

--
-- AUTO_INCREMENT for table `grn`
--
ALTER TABLE `grn`
  MODIFY `grn_id` int NOT NULL AUTO_INCREMENT, AUTO_INCREMENT=15;

--
-- AUTO_INCREMENT for table `grn_details`
--
ALTER TABLE `grn_details`
  MODIFY `grnd_id` int NOT NULL AUTO_INCREMENT, AUTO_INCREMENT=16;

--
-- AUTO_INCREMENT for table `item`
--
ALTER TABLE `item`
  MODIFY `item_id` int NOT NULL AUTO_INCREMENT, AUTO_INCREMENT=6;

--
-- AUTO_INCREMENT for table `item_stock`
--
ALTER TABLE `item_stock`
  MODIFY `its_id` int NOT NULL AUTO_INCREMENT, AUTO_INCREMENT=37;

--
-- AUTO_INCREMENT for table `legal_types`
--
ALTER TABLE `legal_types`
  MODIFY `id` int NOT NULL AUTO_INCREMENT, AUTO_INCREMENT=4;

--
-- AUTO_INCREMENT for table `main_stock_total`
--
ALTER TABLE `main_stock_total`
  MODIFY `id` int NOT NULL AUTO_INCREMENT, AUTO_INCREMENT=10;

--
-- AUTO_INCREMENT for table `migrations`
--
ALTER TABLE `migrations`
  MODIFY `id` int UNSIGNED NOT NULL AUTO_INCREMENT, AUTO_INCREMENT=31;

--
-- AUTO_INCREMENT for table `personal_access_tokens`
--
ALTER TABLE `personal_access_tokens`
  MODIFY `id` bigint UNSIGNED NOT NULL AUTO_INCREMENT;

--
-- AUTO_INCREMENT for table `product_fulfillment_rate`
--
ALTER TABLE `product_fulfillment_rate`
  MODIFY `pitem_det_id` int NOT NULL AUTO_INCREMENT, AUTO_INCREMENT=4;

--
-- AUTO_INCREMENT for table `product_fulfillment_rate_2`
--
ALTER TABLE `product_fulfillment_rate_2`
  MODIFY `pitem_det_id` int NOT NULL AUTO_INCREMENT, AUTO_INCREMENT=2;

--
-- AUTO_INCREMENT for table `product_item`
--
ALTER TABLE `product_item`
  MODIFY `pitem_id` int NOT NULL AUTO_INCREMENT, AUTO_INCREMENT=26;

--
-- AUTO_INCREMENT for table `product_items_details`
--
ALTER TABLE `product_items_details`
  MODIFY `pitem_det_id` int NOT NULL AUTO_INCREMENT, AUTO_INCREMENT=23;

--
-- AUTO_INCREMENT for table `rack`
--
ALTER TABLE `rack`
  MODIFY `rk_id` int NOT NULL AUTO_INCREMENT, AUTO_INCREMENT=60;

--
-- AUTO_INCREMENT for table `row_info`
--
ALTER TABLE `row_info`
  MODIFY `id` int NOT NULL AUTO_INCREMENT, AUTO_INCREMENT=125;

--
-- AUTO_INCREMENT for table `users`
--
ALTER TABLE `users`
  MODIFY `id` bigint UNSIGNED NOT NULL AUTO_INCREMENT, AUTO_INCREMENT=2;

--
-- AUTO_INCREMENT for table `vendor`
--
ALTER TABLE `vendor`
  MODIFY `vend_id` int NOT NULL AUTO_INCREMENT, AUTO_INCREMENT=64;

--
-- AUTO_INCREMENT for table `vendor_details`
--
ALTER TABLE `vendor_details`
  MODIFY `vd_id` int NOT NULL AUTO_INCREMENT, AUTO_INCREMENT=4234;

--
-- AUTO_INCREMENT for table `Warehouses`
--
ALTER TABLE `Warehouses`
  MODIFY `wh_id` int NOT NULL AUTO_INCREMENT, AUTO_INCREMENT=4;

--
-- Constraints for dumped tables
--

--
-- Constraints for table `client_stock_requests`
--
ALTER TABLE `client_stock_requests`
  ADD CONSTRAINT `client_stock_requests_category_id_foreign` FOREIGN KEY (`category_id`) REFERENCES `categories` (`id`) ON DELETE SET NULL ON UPDATE CASCADE,
  ADD CONSTRAINT `client_stock_requests_client_id_foreign` FOREIGN KEY (`client_id`) REFERENCES `clients` (`sch_id`) ON DELETE SET NULL ON UPDATE CASCADE;

--
-- Constraints for table `product_item`
--
ALTER TABLE `product_item`
  ADD CONSTRAINT `product_item_category_id_foreign` FOREIGN KEY (`category_id`) REFERENCES `categories` (`id`) ON DELETE SET NULL ON UPDATE CASCADE;
COMMIT;

/*!40101 SET CHARACTER_SET_CLIENT=@OLD_CHARACTER_SET_CLIENT */;
/*!40101 SET CHARACTER_SET_RESULTS=@OLD_CHARACTER_SET_RESULTS */;
/*!40101 SET COLLATION_CONNECTION=@OLD_COLLATION_CONNECTION */;
